F-MAP@5,F-MAP@10,F-MAP@20,model,rank,beta,lambda_l2,lambda_keyphrase,lambda_latent,lambda_rating,learning_rate,epoch_rating,epoch_explanation,corruption,optimizer
0.0,0.0,0.0,S-E-CDE-VAE,200,0.0001,0.0001,1,0.1,1,0.0001,400,300,0.4,Adam
0.0,0.0,0.0,S-E-CDE-VAE,200,0.0001,0.0001,1,0.1,1,0.0001,400,300,0.4,Adam
0.0,0.0,0.010750915750915755,S-E-CDE-VAE,200,0.0001,0.0001,1,0.1,1,0.0001,400,300,0.4,Adam
0.0,0.0,0.0,S-E-CDE-VAE,200,0.0001,0.0001,1,0.1,1,0.0001,400,300,0.4,Adam
0.0,0.0,0.0,S-E-CDE-VAE,200,0.0001,0.0001,1,0.1,1,0.0001,400,300,0.4,Adam
0.0,0.0,0.0,S-E-CDE-VAE,200,0.0001,0.0001,1,0.1,1,0.0001,400,300,0.4,Adam
0.0,0.0,0.0,S-E-CDE-VAE,200,0.0001,0.0001,1,0.1,1,0.0001,400,300,0.4,Adam
0.0,0.0,0.0,S-E-CDE-VAE,200,0.0001,0.0001,1,0.1,1,0.0001,400,300,0.4,Adam
0.0,0.0,0.0,S-E-CDE-VAE,200,0.0001,0.0001,1,0.1,1,0.0001,400,300,0.4,Adam
0.09,0.10956349206349206,0.07091144966144966,S-E-CDE-VAE,200,0.0001,0.0001,1,0.1,1,0.0001,400,300,0.4,Adam
0.0,0.0,0.0079093567251462,S-E-CDE-VAE,200,0.0001,0.0001,1,0.1,1,0.0001,400,300,0.4,Adam
0.0,0.0,0.0,S-E-CDE-VAE,200,0.0001,0.0001,1,0.1,1,0.0001,400,300,0.4,Adam
0.0,0.0,0.010850533195734433,S-E-CDE-VAE,200,0.0001,0.0001,1,0.1,1,0.0001,400,300,0.4,Adam
0.0,0.0,0.0,S-E-CDE-VAE,200,0.0001,0.0001,1,0.1,1,0.0001,400,300,0.4,Adam
0.0,0.0,0.0,S-E-CDE-VAE,200,0.0001,0.0001,1,0.1,1,0.0001,400,300,0.4,Adam
0.06666666666666665,0.03333333333333334,0.016666666666666663,S-E-CDE-VAE,200,0.0001,0.0001,1,0.1,1,0.0001,400,300,0.4,Adam
0.0,0.0,0.013975533195734432,S-E-CDE-VAE,200,0.0001,0.0001,1,0.1,1,0.0001,400,300,0.4,Adam
0.0,0.0,0.0,S-E-CDE-VAE,200,0.0001,0.0001,1,0.1,1,0.0001,400,300,0.4,Adam
0.0,0.0,0.0,S-E-CDE-VAE,200,0.0001,0.0001,1,0.1,1,0.0001,400,300,0.4,Adam
0.0,0.0,0.0,S-E-CDE-VAE,200,0.0001,0.0001,1,0.1,1,0.0001,400,300,0.4,Adam
0.0,0.0,0.0,S-E-CDE-VAE,200,0.0001,0.0001,1,0.1,1,0.0001,400,300,0.4,Adam
0.0,0.0,0.0,S-E-CDE-VAE,200,0.0001,0.0001,1,0.1,1,0.0001,400,300,0.4,Adam
0.0,0.0,0.0,S-E-CDE-VAE,200,0.0001,0.0001,1,0.1,1,0.0001,400,300,0.4,Adam
0.0,0.0,0.0,S-E-CDE-VAE,200,0.0001,0.0001,1,0.1,1,0.0001,400,300,0.4,Adam
0.0,0.0,0.0,S-E-CDE-VAE,200,0.0001,0.0001,1,0.1,1,0.0001,400,300,0.4,Adam
0.0,0.0,0.0,S-E-CDE-VAE,200,0.0001,0.0001,1,0.1,1,0.0001,400,300,0.4,Adam
0.0,0.03361111111111111,0.05024412571432696,S-E-CDE-VAE,200,0.0001,0.0001,1,0.1,1,0.0001,400,300,0.4,Adam
0.0,0.0,0.0,S-E-CDE-VAE,200,0.0001,0.0001,1,0.1,1,0.0001,400,300,0.4,Adam
0.0,0.0,0.0,S-E-CDE-VAE,200,0.0001,0.0001,1,0.1,1,0.0001,400,300,0.4,Adam
0.0,0.0,0.0,S-E-CDE-VAE,200,0.0001,0.0001,1,0.1,1,0.0001,400,300,0.4,Adam
0.0,0.0,0.0,S-E-CDE-VAE,200,0.0001,0.0001,1,0.1,1,0.0001,400,300,0.4,Adam
0.0,0.0,0.0,S-E-CDE-VAE,200,0.0001,0.0001,1,0.1,1,0.0001,400,300,0.4,Adam
0.0,0.0,0.0,S-E-CDE-VAE,200,0.0001,0.0001,1,0.1,1,0.0001,400,300,0.4,Adam
0.0,0.0,0.0,S-E-CDE-VAE,200,0.0001,0.0001,1,0.1,1,0.0001,400,300,0.4,Adam
0.0,0.0,0.0,S-E-CDE-VAE,200,0.0001,0.0001,1,0.1,1,0.0001,400,300,0.4,Adam
0.0,0.0,0.0,S-E-CDE-VAE,200,0.0001,0.0001,1,0.1,1,0.0001,400,300,0.4,Adam
0.0,0.0,0.0,S-E-CDE-VAE,200,0.0001,0.0001,1,0.1,1,0.0001,400,300,0.4,Adam
0.0,0.0,0.0,S-E-CDE-VAE,200,0.0001,0.0001,1,0.1,1,0.0001,400,300,0.4,Adam
0.2,0.09999999999999998,0.050000000000000044,S-E-CDE-VAE,200,0.0001,0.0001,1,0.1,1,0.0001,400,300,0.4,Adam
0.0,0.0,0.0,S-E-CDE-VAE,200,0.0001,0.0001,1,0.1,1,0.0001,400,300,0.4,Adam
0.0,0.0,0.0,S-E-CDE-VAE,200,0.0001,0.0001,1,0.1,1,0.0001,400,300,0.4,Adam
0.0,0.0,0.0,S-E-CDE-VAE,200,0.0001,0.0001,1,0.1,1,0.0001,400,300,0.4,Adam
0.0,0.0,0.0025,S-E-CDE-VAE,200,0.0001,0.0001,1,0.1,1,0.0001,400,300,0.4,Adam
0.0,0.0,0.0,S-E-CDE-VAE,200,0.0001,0.0001,1,0.1,1,0.0001,400,300,0.4,Adam
0.0,0.0,0.0,S-E-CDE-VAE,200,0.0001,0.0001,1,0.1,1,0.0001,400,300,0.4,Adam
0.0,0.0,0.0,S-E-CDE-VAE,200,0.0001,0.0001,1,0.1,1,0.0001,400,300,0.4,Adam
0.0,0.0,0.0,S-E-CDE-VAE,200,0.0001,0.0001,1,0.1,1,0.0001,400,300,0.4,Adam
0.0,0.0,0.0,S-E-CDE-VAE,200,0.0001,0.0001,1,0.1,1,0.0001,400,300,0.4,Adam
0.0,0.0,0.0,S-E-CDE-VAE,200,0.0001,0.0001,1,0.1,1,0.0001,400,300,0.4,Adam
0.0,0.0,0.0,S-E-CDE-VAE,200,0.0001,0.0001,1,0.1,1,0.0001,400,300,0.4,Adam
0.0,0.0,0.0,S-E-CDE-VAE,200,0.0001,0.0001,1,0.1,1,0.0001,400,300,0.4,Adam
0.0,0.0,0.0,S-E-CDE-VAE,200,0.0001,0.0001,1,0.1,1,0.0001,400,300,0.4,Adam
0.0,0.0,0.017308866529067764,S-E-CDE-VAE,200,0.0001,0.0001,1,0.1,1,0.0001,400,300,0.4,Adam
0.0,0.0,0.0,S-E-CDE-VAE,200,0.0001,0.0001,1,0.1,1,0.0001,400,300,0.4,Adam
0.0,0.021111111111111112,0.038862546766958536,S-E-CDE-VAE,200,0.0001,0.0001,1,0.1,1,0.0001,400,300,0.4,Adam
0.0,0.06456349206349207,0.0853151861897992,S-E-CDE-VAE,200,0.0001,0.0001,1,0.1,1,0.0001,400,300,0.4,Adam
0.0,0.0,0.0,S-E-CDE-VAE,200,0.0001,0.0001,1,0.1,1,0.0001,400,300,0.4,Adam
0.0,0.0,0.0,S-E-CDE-VAE,200,0.0001,0.0001,1,0.1,1,0.0001,400,300,0.4,Adam
0.0,0.0,0.0,S-E-CDE-VAE,200,0.0001,0.0001,1,0.1,1,0.0001,400,300,0.4,Adam
0.0,0.0,0.0,S-E-CDE-VAE,200,0.0001,0.0001,1,0.1,1,0.0001,400,300,0.4,Adam
0.0,0.0,0.0,S-E-CDE-VAE,200,0.0001,0.0001,1,0.1,1,0.0001,400,300,0.4,Adam
0.0,0.0,0.0334385701587714,S-E-CDE-VAE,200,0.0001,0.0001,1,0.1,1,0.0001,400,300,0.4,Adam
0.0,0.0,0.0,S-E-CDE-VAE,200,0.0001,0.0001,1,0.1,1,0.0001,400,300,0.4,Adam
0.0,0.03361111111111111,0.021351010101010103,S-E-CDE-VAE,200,0.0001,0.0001,1,0.1,1,0.0001,400,300,0.4,Adam
0.0,0.0,0.0,S-E-CDE-VAE,200,0.0001,0.0001,1,0.1,1,0.0001,400,300,0.4,Adam
0.0,0.0,0.0,S-E-CDE-VAE,200,0.0001,0.0001,1,0.1,1,0.0001,400,300,0.4,Adam
0.0,0.0,0.0,S-E-CDE-VAE,200,0.0001,0.0001,1,0.1,1,0.0001,400,300,0.4,Adam
0.0,0.0,0.0,S-E-CDE-VAE,200,0.0001,0.0001,1,0.1,1,0.0001,400,300,0.4,Adam
0.0,0.0,0.0,S-E-CDE-VAE,200,0.0001,0.0001,1,0.1,1,0.0001,400,300,0.4,Adam
0.0,0.0,0.019463036963036966,S-E-CDE-VAE,200,0.0001,0.0001,1,0.1,1,0.0001,400,300,0.4,Adam
0.0,0.0,0.020880295100496337,S-E-CDE-VAE,200,0.0001,0.0001,1,0.1,1,0.0001,400,300,0.4,Adam
0.0,0.0,0.0,S-E-CDE-VAE,200,0.0001,0.0001,1,0.1,1,0.0001,400,300,0.4,Adam
0.0,0.0,0.0,S-E-CDE-VAE,200,0.0001,0.0001,1,0.1,1,0.0001,400,300,0.4,Adam
0.0,0.0,0.0,S-E-CDE-VAE,200,0.0001,0.0001,1,0.1,1,0.0001,400,300,0.4,Adam
0.0,0.0,0.0,S-E-CDE-VAE,200,0.0001,0.0001,1,0.1,1,0.0001,400,300,0.4,Adam
0.2,0.11666666666666659,0.05833333333333329,S-E-CDE-VAE,200,0.0001,0.0001,1,0.1,1,0.0001,400,300,0.4,Adam
0.0,0.0,0.0,S-E-CDE-VAE,200,0.0001,0.0001,1,0.1,1,0.0001,400,300,0.4,Adam
0.0,0.0,0.0,S-E-CDE-VAE,200,0.0001,0.0001,1,0.1,1,0.0001,400,300,0.4,Adam
0.0,0.0,0.0,S-E-CDE-VAE,200,0.0001,0.0001,1,0.1,1,0.0001,400,300,0.4,Adam
0.0,0.0,0.0,S-E-CDE-VAE,200,0.0001,0.0001,1,0.1,1,0.0001,400,300,0.4,Adam
0.0,0.0,0.0,S-E-CDE-VAE,200,0.0001,0.0001,1,0.1,1,0.0001,400,300,0.4,Adam
0.0,0.0,0.0,S-E-CDE-VAE,200,0.0001,0.0001,1,0.1,1,0.0001,400,300,0.4,Adam
0.0,0.0,0.0,S-E-CDE-VAE,200,0.0001,0.0001,1,0.1,1,0.0001,400,300,0.4,Adam
0.0,0.0,0.0,S-E-CDE-VAE,200,0.0001,0.0001,1,0.1,1,0.0001,400,300,0.4,Adam
0.21666666666666665,0.10833333333333334,0.05416666666666664,S-E-CDE-VAE,200,0.0001,0.0001,1,0.1,1,0.0001,400,300,0.4,Adam
0.0,0.0,0.0,S-E-CDE-VAE,200,0.0001,0.0001,1,0.1,1,0.0001,400,300,0.4,Adam
0.0,0.0,0.0,S-E-CDE-VAE,200,0.0001,0.0001,1,0.1,1,0.0001,400,300,0.4,Adam
0.0,0.0,0.0,S-E-CDE-VAE,200,0.0001,0.0001,1,0.1,1,0.0001,400,300,0.4,Adam
0.0,0.0,0.0,S-E-CDE-VAE,200,0.0001,0.0001,1,0.1,1,0.0001,400,300,0.4,Adam
0.0,0.0,0.0,S-E-CDE-VAE,200,0.0001,0.0001,1,0.1,1,0.0001,400,300,0.4,Adam
0.0,0.0,0.0,S-E-CDE-VAE,200,0.0001,0.0001,1,0.1,1,0.0001,400,300,0.4,Adam
0.0,0.01,0.038438570158771404,S-E-CDE-VAE,200,0.0001,0.0001,1,0.1,1,0.0001,400,300,0.4,Adam
0.0,0.0,0.0,S-E-CDE-VAE,200,0.0001,0.0001,1,0.1,1,0.0001,400,300,0.4,Adam
0.04,0.08884920634920633,0.04442460317460316,S-E-CDE-VAE,200,0.0001,0.0001,1,0.1,1,0.0001,400,300,0.4,Adam
0.0,0.0,0.0,S-E-CDE-VAE,200,0.0001,0.0001,1,0.1,1,0.0001,400,300,0.4,Adam
0.0,0.0,0.0,S-E-CDE-VAE,200,0.0001,0.0001,1,0.1,1,0.0001,400,300,0.4,Adam
0.0,0.0,0.0,S-E-CDE-VAE,200,0.0001,0.0001,1,0.1,1,0.0001,400,300,0.4,Adam
0.0,0.0,0.0,S-E-CDE-VAE,200,0.0001,0.0001,1,0.1,1,0.0001,400,300,0.4,Adam
0.0,0.0,0.0,S-E-CDE-VAE,200,0.0001,0.0001,1,0.1,1,0.0001,400,300,0.4,Adam
0.0,0.0,0.0,S-E-CDE-VAE,200,0.0001,0.0001,1,0.1,1,0.0001,400,300,0.4,Adam
0.0,0.0,0.0,S-E-CDE-VAE,200,0.0001,0.0001,1,0.1,1,0.0001,400,300,0.4,Adam
0.0,0.0,0.0,S-E-CDE-VAE,200,0.0001,0.0001,1,0.1,1,0.0001,400,300,0.4,Adam
0.0,0.03361111111111111,0.025517676767676772,S-E-CDE-VAE,200,0.0001,0.0001,1,0.1,1,0.0001,400,300,0.4,Adam
0.0,0.0,0.005131578947368421,S-E-CDE-VAE,200,0.0001,0.0001,1,0.1,1,0.0001,400,300,0.4,Adam
0.0,0.0,0.0,S-E-CDE-VAE,200,0.0001,0.0001,1,0.1,1,0.0001,400,300,0.4,Adam
0.0,0.0,0.0,S-E-CDE-VAE,200,0.0001,0.0001,1,0.1,1,0.0001,400,300,0.4,Adam
0.0,0.0,0.0,S-E-CDE-VAE,200,0.0001,0.0001,1,0.1,1,0.0001,400,300,0.4,Adam
0.0,0.0,0.0,S-E-CDE-VAE,200,0.0001,0.0001,1,0.1,1,0.0001,400,300,0.4,Adam
0.0,0.0,0.0,S-E-CDE-VAE,200,0.0001,0.0001,1,0.1,1,0.0001,400,300,0.4,Adam
0.0,0.0,0.0,S-E-CDE-VAE,200,0.0001,0.0001,1,0.1,1,0.0001,400,300,0.4,Adam
0.0,0.0,0.0334385701587714,S-E-CDE-VAE,200,0.0001,0.0001,1,0.1,1,0.0001,400,300,0.4,Adam
0.0,0.0,0.0,S-E-CDE-VAE,200,0.0001,0.0001,1,0.1,1,0.0001,400,300,0.4,Adam
0.0,0.026785714285714284,0.01339285714285713,S-E-CDE-VAE,200,0.0001,0.0001,1,0.1,1,0.0001,400,300,0.4,Adam
0.0,0.0,0.0,S-E-CDE-VAE,200,0.0001,0.0001,1,0.1,1,0.0001,400,300,0.4,Adam
0.0,0.0,0.0,S-E-CDE-VAE,200,0.0001,0.0001,1,0.1,1,0.0001,400,300,0.4,Adam
0.0,0.0,0.0,S-E-CDE-VAE,200,0.0001,0.0001,1,0.1,1,0.0001,400,300,0.4,Adam
0.0,0.0,0.0,S-E-CDE-VAE,200,0.0001,0.0001,1,0.1,1,0.0001,400,300,0.4,Adam
0.0,0.0,0.0,S-E-CDE-VAE,200,0.0001,0.0001,1,0.1,1,0.0001,400,300,0.4,Adam
0.0,0.0,0.0,S-E-CDE-VAE,200,0.0001,0.0001,1,0.1,1,0.0001,400,300,0.4,Adam
0.0,0.0,0.0,S-E-CDE-VAE,200,0.0001,0.0001,1,0.1,1,0.0001,400,300,0.4,Adam
0.0,0.0,0.0,S-E-CDE-VAE,200,0.0001,0.0001,1,0.1,1,0.0001,400,300,0.4,Adam
0.0,0.0,0.0,S-E-CDE-VAE,200,0.0001,0.0001,1,0.1,1,0.0001,400,300,0.4,Adam
0.0,0.0,0.0,S-E-CDE-VAE,200,0.0001,0.0001,1,0.1,1,0.0001,400,300,0.4,Adam
0.3,0.14999999999999997,0.07500000000000007,S-E-CDE-VAE,200,0.0001,0.0001,1,0.1,1,0.0001,400,300,0.4,Adam
0.0,0.0,0.0079093567251462,S-E-CDE-VAE,200,0.0001,0.0001,1,0.1,1,0.0001,400,300,0.4,Adam
0.0,0.0,0.0,S-E-CDE-VAE,200,0.0001,0.0001,1,0.1,1,0.0001,400,300,0.4,Adam
0.0,0.0,0.0,S-E-CDE-VAE,200,0.0001,0.0001,1,0.1,1,0.0001,400,300,0.4,Adam
0.0,0.0,0.0,S-E-CDE-VAE,200,0.0001,0.0001,1,0.1,1,0.0001,400,300,0.4,Adam
0.0,0.0,0.0,S-E-CDE-VAE,200,0.0001,0.0001,1,0.1,1,0.0001,400,300,0.4,Adam
0.0,0.0,0.0025,S-E-CDE-VAE,200,0.0001,0.0001,1,0.1,1,0.0001,400,300,0.4,Adam
0.0,0.0,0.0,S-E-CDE-VAE,200,0.0001,0.0001,1,0.1,1,0.0001,400,300,0.4,Adam
0.0,0.0,0.0,S-E-CDE-VAE,200,0.0001,0.0001,1,0.1,1,0.0001,400,300,0.4,Adam
0.0,0.0,0.0,S-E-CDE-VAE,200,0.0001,0.0001,1,0.1,1,0.0001,400,300,0.4,Adam
0.0,0.0,0.0,S-E-CDE-VAE,200,0.0001,0.0001,1,0.1,1,0.0001,400,300,0.4,Adam
0.0,0.0,0.0,S-E-CDE-VAE,200,0.0001,0.0001,1,0.1,1,0.0001,400,300,0.4,Adam
0.0,0.0,0.0,S-E-CDE-VAE,200,0.0001,0.0001,1,0.1,1,0.0001,400,300,0.4,Adam
0.0,0.0,0.0,S-E-CDE-VAE,200,0.0001,0.0001,1,0.1,1,0.0001,400,300,0.4,Adam
0.0,0.0,0.0,S-E-CDE-VAE,200,0.0001,0.0001,1,0.1,1,0.0001,400,300,0.4,Adam
0.0,0.0,0.0,S-E-CDE-VAE,200,0.0001,0.0001,1,0.1,1,0.0001,400,300,0.4,Adam
0.0,0.0,0.0,S-E-CDE-VAE,200,0.0001,0.0001,1,0.1,1,0.0001,400,300,0.4,Adam
0.0,0.0,0.0,S-E-CDE-VAE,200,0.0001,0.0001,1,0.1,1,0.0001,400,300,0.4,Adam
0.0,0.0,0.0,S-E-CDE-VAE,200,0.0001,0.0001,1,0.1,1,0.0001,400,300,0.4,Adam
0.0,0.0,0.0,S-E-CDE-VAE,200,0.0001,0.0001,1,0.1,1,0.0001,400,300,0.4,Adam
0.0,0.0,0.0,S-E-CDE-VAE,200,0.0001,0.0001,1,0.1,1,0.0001,400,300,0.4,Adam
0.0,0.0,0.0,S-E-CDE-VAE,200,0.0001,0.0001,1,0.1,1,0.0001,400,300,0.4,Adam
0.45666666666666667,0.2283333333333333,0.11416666666666668,S-E-CDE-VAE,200,0.0001,0.0001,1,0.1,1,0.0001,400,300,0.4,Adam
0.0,0.0,0.0,S-E-CDE-VAE,200,0.0001,0.0001,1,0.1,1,0.0001,400,300,0.4,Adam
0.0,0.0,0.0,S-E-CDE-VAE,200,0.0001,0.0001,1,0.1,1,0.0001,400,300,0.4,Adam
0.0,0.037896825396825394,0.018948412698412687,S-E-CDE-VAE,200,0.0001,0.0001,1,0.1,1,0.0001,400,300,0.4,Adam
0.0,0.0,0.0,S-E-CDE-VAE,200,0.0001,0.0001,1,0.1,1,0.0001,400,300,0.4,Adam
0.0,0.0,0.0,S-E-CDE-VAE,200,0.0001,0.0001,1,0.1,1,0.0001,400,300,0.4,Adam
0.0,0.0,0.0,S-E-CDE-VAE,200,0.0001,0.0001,1,0.1,1,0.0001,400,300,0.4,Adam
0.0,0.0,0.017308866529067764,S-E-CDE-VAE,200,0.0001,0.0001,1,0.1,1,0.0001,400,300,0.4,Adam
0.0,0.0,0.0,S-E-CDE-VAE,200,0.0001,0.0001,1,0.1,1,0.0001,400,300,0.4,Adam
0.0,0.0,0.0,S-E-CDE-VAE,200,0.0001,0.0001,1,0.1,1,0.0001,400,300,0.4,Adam
0.0,0.0,0.0,S-E-CDE-VAE,200,0.0001,0.0001,1,0.1,1,0.0001,400,300,0.4,Adam
0.0,0.0,0.0,S-E-CDE-VAE,200,0.0001,0.0001,1,0.1,1,0.0001,400,300,0.4,Adam
0.09,0.08845238095238096,0.04422619047619047,S-E-CDE-VAE,200,0.0001,0.0001,1,0.1,1,0.0001,400,300,0.4,Adam
0.0,0.0,0.0,S-E-CDE-VAE,200,0.0001,0.0001,1,0.1,1,0.0001,400,300,0.4,Adam
0.0,0.0,0.0,S-E-CDE-VAE,200,0.0001,0.0001,1,0.1,1,0.0001,400,300,0.4,Adam
0.09,0.10956349206349207,0.05478174603174603,S-E-CDE-VAE,200,0.0001,0.0001,1,0.1,1,0.0001,400,300,0.4,Adam
0.0,0.0,0.0,S-E-CDE-VAE,200,0.0001,0.0001,1,0.1,1,0.0001,400,300,0.4,Adam
0.0,0.0,0.0,S-E-CDE-VAE,200,0.0001,0.0001,1,0.1,1,0.0001,400,300,0.4,Adam
0.0,0.0,0.0,S-E-CDE-VAE,200,0.0001,0.0001,1,0.1,1,0.0001,400,300,0.4,Adam
0.0,0.0,0.010850533195734433,S-E-CDE-VAE,200,0.0001,0.0001,1,0.1,1,0.0001,400,300,0.4,Adam
0.0,0.0,0.0,S-E-CDE-VAE,200,0.0001,0.0001,1,0.1,1,0.0001,400,300,0.4,Adam
0.0,0.0,0.0,S-E-CDE-VAE,200,0.0001,0.0001,1,0.1,1,0.0001,400,300,0.4,Adam
0.0,0.0,0.0,S-E-CDE-VAE,200,0.0001,0.0001,1,0.1,1,0.0001,400,300,0.4,Adam
0.04,0.08456349206349206,0.07572031619051742,S-E-CDE-VAE,200,0.0001,0.0001,1,0.1,1,0.0001,400,300,0.4,Adam
0.0,0.0,0.0,S-E-CDE-VAE,200,0.0001,0.0001,1,0.1,1,0.0001,400,300,0.4,Adam
0.0,0.0,0.0,S-E-CDE-VAE,200,0.0001,0.0001,1,0.1,1,0.0001,400,300,0.4,Adam
0.0,0.0,0.0045454545454545435,S-E-CDE-VAE,200,0.0001,0.0001,1,0.1,1,0.0001,400,300,0.4,Adam
0.0,0.0,0.0079093567251462,S-E-CDE-VAE,200,0.0001,0.0001,1,0.1,1,0.0001,400,300,0.4,Adam
0.0,0.0,0.0,S-E-CDE-VAE,200,0.0001,0.0001,1,0.1,1,0.0001,400,300,0.4,Adam
0.0,0.0,0.0,S-E-CDE-VAE,200,0.0001,0.0001,1,0.1,1,0.0001,400,300,0.4,Adam
0.0,0.0,0.0,S-E-CDE-VAE,200,0.0001,0.0001,1,0.1,1,0.0001,400,300,0.4,Adam
0.0,0.0,0.0,S-E-CDE-VAE,200,0.0001,0.0001,1,0.1,1,0.0001,400,300,0.4,Adam
0.0,0.0,0.0,S-E-CDE-VAE,200,0.0001,0.0001,1,0.1,1,0.0001,400,300,0.4,Adam
0.0,0.0,0.0,S-E-CDE-VAE,200,0.0001,0.0001,1,0.1,1,0.0001,400,300,0.4,Adam
0.0,0.0,0.0,S-E-CDE-VAE,200,0.0001,0.0001,1,0.1,1,0.0001,400,300,0.4,Adam
0.0,0.0,0.0,S-E-CDE-VAE,200,0.0001,0.0001,1,0.1,1,0.0001,400,300,0.4,Adam
0.0,0.0,0.0,S-E-CDE-VAE,200,0.0001,0.0001,1,0.1,1,0.0001,400,300,0.4,Adam
0.0,0.0,0.0,S-E-CDE-VAE,200,0.0001,0.0001,1,0.1,1,0.0001,400,300,0.4,Adam
0.0,0.0,0.0,S-E-CDE-VAE,200,0.0001,0.0001,1,0.1,1,0.0001,400,300,0.4,Adam
0.0,0.0,0.0,S-E-CDE-VAE,200,0.0001,0.0001,1,0.1,1,0.0001,400,300,0.4,Adam
0.0,0.0,0.0,S-E-CDE-VAE,200,0.0001,0.0001,1,0.1,1,0.0001,400,300,0.4,Adam
0.0,0.0,0.0,S-E-CDE-VAE,200,0.0001,0.0001,1,0.1,1,0.0001,400,300,0.4,Adam
0.0,0.0,0.0,S-E-CDE-VAE,200,0.0001,0.0001,1,0.1,1,0.0001,400,300,0.4,Adam
0.0,0.0,0.0,S-E-CDE-VAE,200,0.0001,0.0001,1,0.1,1,0.0001,400,300,0.4,Adam
0.0,0.0,0.0,S-E-CDE-VAE,200,0.0001,0.0001,1,0.1,1,0.0001,400,300,0.4,Adam
0.0,0.0,0.0,S-E-CDE-VAE,200,0.0001,0.0001,1,0.1,1,0.0001,400,300,0.4,Adam
0.0,0.0,0.0,S-E-CDE-VAE,200,0.0001,0.0001,1,0.1,1,0.0001,400,300,0.4,Adam
0.0,0.0,0.0,S-E-CDE-VAE,200,0.0001,0.0001,1,0.1,1,0.0001,400,300,0.4,Adam
0.0,0.0,0.0,S-E-CDE-VAE,200,0.0001,0.0001,1,0.1,1,0.0001,400,300,0.4,Adam
0.2,0.09999999999999998,0.050000000000000044,S-E-CDE-VAE,200,0.0001,0.0001,1,0.1,1,0.0001,400,300,0.4,Adam
0.0,0.0,0.0,S-E-CDE-VAE,200,0.0001,0.0001,1,0.1,1,0.0001,400,300,0.4,Adam
0.0,0.0,0.0,S-E-CDE-VAE,200,0.0001,0.0001,1,0.1,1,0.0001,400,300,0.4,Adam
0.0,0.0,0.0,S-E-CDE-VAE,200,0.0001,0.0001,1,0.1,1,0.0001,400,300,0.4,Adam
0.15666666666666665,0.07833333333333334,0.05001719986240111,S-E-CDE-VAE,200,0.0001,0.0001,1,0.1,1,0.0001,400,300,0.4,Adam
0.0,0.0,0.0,S-E-CDE-VAE,200,0.0001,0.0001,1,0.1,1,0.0001,400,300,0.4,Adam
0.0,0.0,0.0,S-E-CDE-VAE,200,0.0001,0.0001,1,0.1,1,0.0001,400,300,0.4,Adam
0.0,0.0,0.0,S-E-CDE-VAE,200,0.0001,0.0001,1,0.1,1,0.0001,400,300,0.4,Adam
0.0,0.0,0.0,S-E-CDE-VAE,200,0.0001,0.0001,1,0.1,1,0.0001,400,300,0.4,Adam
0.0,0.0,0.0,S-E-CDE-VAE,200,0.0001,0.0001,1,0.1,1,0.0001,400,300,0.4,Adam
0.0,0.0,0.0,S-E-CDE-VAE,200,0.0001,0.0001,1,0.1,1,0.0001,400,300,0.4,Adam
0.0,0.0,0.0,S-E-CDE-VAE,200,0.0001,0.0001,1,0.1,1,0.0001,400,300,0.4,Adam
0.0,0.0,0.0,S-E-CDE-VAE,200,0.0001,0.0001,1,0.1,1,0.0001,400,300,0.4,Adam
0.0,0.0,0.017308866529067764,S-E-CDE-VAE,200,0.0001,0.0001,1,0.1,1,0.0001,400,300,0.4,Adam
0.0,0.0,0.0,S-E-CDE-VAE,200,0.0001,0.0001,1,0.1,1,0.0001,400,300,0.4,Adam
0.0,0.0,0.0,S-E-CDE-VAE,200,0.0001,0.0001,1,0.1,1,0.0001,400,300,0.4,Adam
0.0,0.0,0.0,S-E-CDE-VAE,200,0.0001,0.0001,1,0.1,1,0.0001,400,300,0.4,Adam
0.0,0.0,0.0,S-E-CDE-VAE,200,0.0001,0.0001,1,0.1,1,0.0001,400,300,0.4,Adam
0.0,0.0,0.0,S-E-CDE-VAE,200,0.0001,0.0001,1,0.1,1,0.0001,400,300,0.4,Adam
0.0,0.0,0.0,S-E-CDE-VAE,200,0.0001,0.0001,1,0.1,1,0.0001,400,300,0.4,Adam
0.0,0.0,0.0,S-E-CDE-VAE,200,0.0001,0.0001,1,0.1,1,0.0001,400,300,0.4,Adam
0.0,0.0,0.0,S-E-CDE-VAE,200,0.0001,0.0001,1,0.1,1,0.0001,400,300,0.4,Adam
0.0,0.0,0.0,S-E-CDE-VAE,200,0.0001,0.0001,1,0.1,1,0.0001,400,300,0.4,Adam
0.0,0.0,0.0,S-E-CDE-VAE,200,0.0001,0.0001,1,0.1,1,0.0001,400,300,0.4,Adam
0.0,0.0,0.0,S-E-CDE-VAE,200,0.0001,0.0001,1,0.1,1,0.0001,400,300,0.4,Adam
0.0,0.0,0.0,S-E-CDE-VAE,200,0.0001,0.0001,1,0.1,1,0.0001,400,300,0.4,Adam
0.0,0.0,0.0,S-E-CDE-VAE,200,0.0001,0.0001,1,0.1,1,0.0001,400,300,0.4,Adam
0.0,0.0,0.0,S-E-CDE-VAE,200,0.0001,0.0001,1,0.1,1,0.0001,400,300,0.4,Adam
0.0,0.0,0.0,S-E-CDE-VAE,200,0.0001,0.0001,1,0.1,1,0.0001,400,300,0.4,Adam
0.0,0.0,0.0,S-E-CDE-VAE,200,0.0001,0.0001,1,0.1,1,0.0001,400,300,0.4,Adam
0.0,0.0,0.0,S-E-CDE-VAE,200,0.0001,0.0001,1,0.1,1,0.0001,400,300,0.4,Adam
0.0,0.0,0.0,S-E-CDE-VAE,200,0.0001,0.0001,1,0.1,1,0.0001,400,300,0.4,Adam
0.0,0.011111111111111112,0.005555555555555557,S-E-CDE-VAE,200,0.0001,0.0001,1,0.1,1,0.0001,400,300,0.4,Adam
0.04,0.01999999999999999,0.009999999999999995,S-E-CDE-VAE,200,0.0001,0.0001,1,0.1,1,0.0001,400,300,0.4,Adam
0.0,0.01,0.0050000000000000044,S-E-CDE-VAE,200,0.0001,0.0001,1,0.1,1,0.0001,400,300,0.4,Adam
0.0,0.0,0.0,S-E-CDE-VAE,200,0.0001,0.0001,1,0.1,1,0.0001,400,300,0.4,Adam
0.0,0.0,0.0,S-E-CDE-VAE,200,0.0001,0.0001,1,0.1,1,0.0001,400,300,0.4,Adam
0.0,0.0,0.0,S-E-CDE-VAE,200,0.0001,0.0001,1,0.1,1,0.0001,400,300,0.4,Adam
0.0,0.0,0.0,S-E-CDE-VAE,200,0.0001,0.0001,1,0.1,1,0.0001,400,300,0.4,Adam
0.0,0.0,0.0,S-E-CDE-VAE,200,0.0001,0.0001,1,0.1,1,0.0001,400,300,0.4,Adam
0.0,0.0,0.0,S-E-CDE-VAE,200,0.0001,0.0001,1,0.1,1,0.0001,400,300,0.4,Adam
0.0,0.0,0.0,S-E-CDE-VAE,200,0.0001,0.0001,1,0.1,1,0.0001,400,300,0.4,Adam
0.0,0.0,0.0,S-E-CDE-VAE,200,0.0001,0.0001,1,0.1,1,0.0001,400,300,0.4,Adam
0.0,0.0,0.0,S-E-CDE-VAE,200,0.0001,0.0001,1,0.1,1,0.0001,400,300,0.4,Adam
0.04,0.09706349206349207,0.06466144966144968,S-E-CDE-VAE,200,0.0001,0.0001,1,0.1,1,0.0001,400,300,0.4,Adam
0.0,0.0,0.0,S-E-CDE-VAE,200,0.0001,0.0001,1,0.1,1,0.0001,400,300,0.4,Adam
0.0,0.0,0.0,S-E-CDE-VAE,200,0.0001,0.0001,1,0.1,1,0.0001,400,300,0.4,Adam
0.0,0.0,0.0,S-E-CDE-VAE,200,0.0001,0.0001,1,0.1,1,0.0001,400,300,0.4,Adam
0.0,0.0,0.0,S-E-CDE-VAE,200,0.0001,0.0001,1,0.1,1,0.0001,400,300,0.4,Adam
0.0,0.0,0.0,S-E-CDE-VAE,200,0.0001,0.0001,1,0.1,1,0.0001,400,300,0.4,Adam
0.0,0.0,0.0,S-E-CDE-VAE,200,0.0001,0.0001,1,0.1,1,0.0001,400,300,0.4,Adam
0.15666666666666665,0.09500000000000001,0.0475,S-E-CDE-VAE,200,0.0001,0.0001,1,0.1,1,0.0001,400,300,0.4,Adam
0.0,0.0,0.0,S-E-CDE-VAE,200,0.0001,0.0001,1,0.1,1,0.0001,400,300,0.4,Adam
0.0,0.0,0.0,S-E-CDE-VAE,200,0.0001,0.0001,1,0.1,1,0.0001,400,300,0.4,Adam
0.0,0.0,0.0,S-E-CDE-VAE,200,0.0001,0.0001,1,0.1,1,0.0001,400,300,0.4,Adam
0.0,0.0,0.0,S-E-CDE-VAE,200,0.0001,0.0001,1,0.1,1,0.0001,400,300,0.4,Adam
0.0,0.0,0.0,S-E-CDE-VAE,200,0.0001,0.0001,1,0.1,1,0.0001,400,300,0.4,Adam
0.0,0.0,0.0,S-E-CDE-VAE,200,0.0001,0.0001,1,0.1,1,0.0001,400,300,0.4,Adam
0.0,0.0,0.0,S-E-CDE-VAE,200,0.0001,0.0001,1,0.1,1,0.0001,400,300,0.4,Adam
0.0,0.0,0.0,S-E-CDE-VAE,200,0.0001,0.0001,1,0.1,1,0.0001,400,300,0.4,Adam
0.0,0.0,0.0,S-E-CDE-VAE,200,0.0001,0.0001,1,0.1,1,0.0001,400,300,0.4,Adam
0.0,0.0,0.0,S-E-CDE-VAE,200,0.0001,0.0001,1,0.1,1,0.0001,400,300,0.4,Adam
0.0,0.06456349206349207,0.060588737243149005,S-E-CDE-VAE,200,0.0001,0.0001,1,0.1,1,0.0001,400,300,0.4,Adam
0.09,0.10956349206349207,0.08822031619051743,S-E-CDE-VAE,200,0.0001,0.0001,1,0.1,1,0.0001,400,300,0.4,Adam
0.0,0.021111111111111112,0.07479200323240572,S-E-CDE-VAE,200,0.0001,0.0001,1,0.1,1,0.0001,400,300,0.4,Adam
0.0,0.0,0.0,S-E-CDE-VAE,200,0.0001,0.0001,1,0.1,1,0.0001,400,300,0.4,Adam
0.0,0.0,0.0,S-E-CDE-VAE,200,0.0001,0.0001,1,0.1,1,0.0001,400,300,0.4,Adam
0.0,0.047896825396825396,0.05738698285718409,S-E-CDE-VAE,200,0.0001,0.0001,1,0.1,1,0.0001,400,300,0.4,Adam
0.0,0.0,0.0,S-E-CDE-VAE,200,0.0001,0.0001,1,0.1,1,0.0001,400,300,0.4,Adam
0.0,0.0,0.0,S-E-CDE-VAE,200,0.0001,0.0001,1,0.1,1,0.0001,400,300,0.4,Adam
0.0,0.0,0.0,S-E-CDE-VAE,200,0.0001,0.0001,1,0.1,1,0.0001,400,300,0.4,Adam
0.0,0.0,0.0,S-E-CDE-VAE,200,0.0001,0.0001,1,0.1,1,0.0001,400,300,0.4,Adam
0.0,0.0,0.0,S-E-CDE-VAE,200,0.0001,0.0001,1,0.1,1,0.0001,400,300,0.4,Adam
0.0,0.0,0.0,S-E-CDE-VAE,200,0.0001,0.0001,1,0.1,1,0.0001,400,300,0.4,Adam
0.0,0.0,0.0,S-E-CDE-VAE,200,0.0001,0.0001,1,0.1,1,0.0001,400,300,0.4,Adam
0.0,0.0,0.0,S-E-CDE-VAE,200,0.0001,0.0001,1,0.1,1,0.0001,400,300,0.4,Adam
0.0,0.0,0.0,S-E-CDE-VAE,200,0.0001,0.0001,1,0.1,1,0.0001,400,300,0.4,Adam
0.0,0.0,0.0,S-E-CDE-VAE,200,0.0001,0.0001,1,0.1,1,0.0001,400,300,0.4,Adam
0.0,0.0,0.0,S-E-CDE-VAE,200,0.0001,0.0001,1,0.1,1,0.0001,400,300,0.4,Adam
0.0,0.0,0.0,S-E-CDE-VAE,200,0.0001,0.0001,1,0.1,1,0.0001,400,300,0.4,Adam
0.0,0.0,0.0,S-E-CDE-VAE,200,0.0001,0.0001,1,0.1,1,0.0001,400,300,0.4,Adam
0.0,0.0,0.0,S-E-CDE-VAE,200,0.0001,0.0001,1,0.1,1,0.0001,400,300,0.4,Adam
0.0,0.0,0.0,S-E-CDE-VAE,200,0.0001,0.0001,1,0.1,1,0.0001,400,300,0.4,Adam
0.0,0.0,0.0,S-E-CDE-VAE,200,0.0001,0.0001,1,0.1,1,0.0001,400,300,0.4,Adam
0.0,0.0,0.0,S-E-CDE-VAE,200,0.0001,0.0001,1,0.1,1,0.0001,400,300,0.4,Adam
0.0,0.0,0.0,S-E-CDE-VAE,200,0.0001,0.0001,1,0.1,1,0.0001,400,300,0.4,Adam
0.0,0.05789682539682539,0.062386982857184095,S-E-CDE-VAE,200,0.0001,0.0001,1,0.1,1,0.0001,400,300,0.4,Adam
0.0,0.03361111111111111,0.023851010101010105,S-E-CDE-VAE,200,0.0001,0.0001,1,0.1,1,0.0001,400,300,0.4,Adam
0.0,0.0,0.0,S-E-CDE-VAE,200,0.0001,0.0001,1,0.1,1,0.0001,400,300,0.4,Adam
0.0,0.0,0.0,S-E-CDE-VAE,200,0.0001,0.0001,1,0.1,1,0.0001,400,300,0.4,Adam
0.0,0.0,0.0,S-E-CDE-VAE,200,0.0001,0.0001,1,0.1,1,0.0001,400,300,0.4,Adam
0.0,0.0,0.0,S-E-CDE-VAE,200,0.0001,0.0001,1,0.1,1,0.0001,400,300,0.4,Adam
0.0,0.0,0.0,S-E-CDE-VAE,200,0.0001,0.0001,1,0.1,1,0.0001,400,300,0.4,Adam
0.0,0.0,0.0,S-E-CDE-VAE,200,0.0001,0.0001,1,0.1,1,0.0001,400,300,0.4,Adam
0.0,0.0,0.0,S-E-CDE-VAE,200,0.0001,0.0001,1,0.1,1,0.0001,400,300,0.4,Adam
0.0,0.0,0.0,S-E-CDE-VAE,200,0.0001,0.0001,1,0.1,1,0.0001,400,300,0.4,Adam
0.0,0.0,0.0,S-E-CDE-VAE,200,0.0001,0.0001,1,0.1,1,0.0001,400,300,0.4,Adam
0.0,0.0,0.0,S-E-CDE-VAE,200,0.0001,0.0001,1,0.1,1,0.0001,400,300,0.4,Adam
0.0,0.021111111111111112,0.04399412571432696,S-E-CDE-VAE,200,0.0001,0.0001,1,0.1,1,0.0001,400,300,0.4,Adam
0.0,0.0,0.0,S-E-CDE-VAE,200,0.0001,0.0001,1,0.1,1,0.0001,400,300,0.4,Adam
0.0,0.0,0.0,S-E-CDE-VAE,200,0.0001,0.0001,1,0.1,1,0.0001,400,300,0.4,Adam
0.0,0.0,0.0,S-E-CDE-VAE,200,0.0001,0.0001,1,0.1,1,0.0001,400,300,0.4,Adam
0.0,0.0,0.0,S-E-CDE-VAE,200,0.0001,0.0001,1,0.1,1,0.0001,400,300,0.4,Adam
0.0,0.0,0.0,S-E-CDE-VAE,200,0.0001,0.0001,1,0.1,1,0.0001,400,300,0.4,Adam
0.0,0.0,0.0,S-E-CDE-VAE,200,0.0001,0.0001,1,0.1,1,0.0001,400,300,0.4,Adam
0.09,0.10956349206349207,0.08822031619051743,S-E-CDE-VAE,200,0.0001,0.0001,1,0.1,1,0.0001,400,300,0.4,Adam
0.0,0.0,0.0,S-E-CDE-VAE,200,0.0001,0.0001,1,0.1,1,0.0001,400,300,0.4,Adam
0.0,0.0,0.0,S-E-CDE-VAE,200,0.0001,0.0001,1,0.1,1,0.0001,400,300,0.4,Adam
0.0,0.0,0.0,S-E-CDE-VAE,200,0.0001,0.0001,1,0.1,1,0.0001,400,300,0.4,Adam
0.0,0.0,0.0,S-E-CDE-VAE,200,0.0001,0.0001,1,0.1,1,0.0001,400,300,0.4,Adam
0.0,0.0,0.0,S-E-CDE-VAE,200,0.0001,0.0001,1,0.1,1,0.0001,400,300,0.4,Adam
0.0,0.0,0.0,S-E-CDE-VAE,200,0.0001,0.0001,1,0.1,1,0.0001,400,300,0.4,Adam
0.0,0.0,0.0,S-E-CDE-VAE,200,0.0001,0.0001,1,0.1,1,0.0001,400,300,0.4,Adam
0.0,0.0,0.0,S-E-CDE-VAE,200,0.0001,0.0001,1,0.1,1,0.0001,400,300,0.4,Adam
0.0,0.0,0.0,S-E-CDE-VAE,200,0.0001,0.0001,1,0.1,1,0.0001,400,300,0.4,Adam
0.0,0.0,0.0,S-E-CDE-VAE,200,0.0001,0.0001,1,0.1,1,0.0001,400,300,0.4,Adam
0.0,0.0,0.0,S-E-CDE-VAE,200,0.0001,0.0001,1,0.1,1,0.0001,400,300,0.4,Adam
0.0,0.0,0.0,S-E-CDE-VAE,200,0.0001,0.0001,1,0.1,1,0.0001,400,300,0.4,Adam
0.0,0.0,0.0,S-E-CDE-VAE,200,0.0001,0.0001,1,0.1,1,0.0001,400,300,0.4,Adam
0.04,0.08456349206349206,0.05841144966144965,S-E-CDE-VAE,200,0.0001,0.0001,1,0.1,1,0.0001,400,300,0.4,Adam
0.0,0.0,0.0,S-E-CDE-VAE,200,0.0001,0.0001,1,0.1,1,0.0001,400,300,0.4,Adam
0.0,0.0,0.0,S-E-CDE-VAE,200,0.0001,0.0001,1,0.1,1,0.0001,400,300,0.4,Adam
0.0,0.0,0.0,S-E-CDE-VAE,200,0.0001,0.0001,1,0.1,1,0.0001,400,300,0.4,Adam
0.0,0.0,0.0,S-E-CDE-VAE,200,0.0001,0.0001,1,0.1,1,0.0001,400,300,0.4,Adam
0.09,0.08845238095238096,0.04422619047619047,S-E-CDE-VAE,200,0.0001,0.0001,1,0.1,1,0.0001,400,300,0.4,Adam
0.0,0.0,0.0,S-E-CDE-VAE,200,0.0001,0.0001,1,0.1,1,0.0001,400,300,0.4,Adam
0.0,0.0,0.0,S-E-CDE-VAE,200,0.0001,0.0001,1,0.1,1,0.0001,400,300,0.4,Adam
0.0,0.0,0.0,S-E-CDE-VAE,200,0.0001,0.0001,1,0.1,1,0.0001,400,300,0.4,Adam
0.0,0.0,0.0,S-E-CDE-VAE,200,0.0001,0.0001,1,0.1,1,0.0001,400,300,0.4,Adam
0.0,0.0,0.0,S-E-CDE-VAE,200,0.0001,0.0001,1,0.1,1,0.0001,400,300,0.4,Adam
0.0,0.0,0.0,S-E-CDE-VAE,200,0.0001,0.0001,1,0.1,1,0.0001,400,300,0.4,Adam
0.0,0.0,0.0,S-E-CDE-VAE,200,0.0001,0.0001,1,0.1,1,0.0001,400,300,0.4,Adam
0.0,0.0,0.0,S-E-CDE-VAE,200,0.0001,0.0001,1,0.1,1,0.0001,400,300,0.4,Adam
0.0,0.0,0.0,S-E-CDE-VAE,200,0.0001,0.0001,1,0.1,1,0.0001,400,300,0.4,Adam
0.0,0.0,0.0,S-E-CDE-VAE,200,0.0001,0.0001,1,0.1,1,0.0001,400,300,0.4,Adam
0.0,0.0,0.0,S-E-CDE-VAE,200,0.0001,0.0001,1,0.1,1,0.0001,400,300,0.4,Adam
0.0,0.0,0.0,S-E-CDE-VAE,200,0.0001,0.0001,1,0.1,1,0.0001,400,300,0.4,Adam
0.0,0.0,0.0,S-E-CDE-VAE,200,0.0001,0.0001,1,0.1,1,0.0001,400,300,0.4,Adam
0.0,0.0,0.0,S-E-CDE-VAE,200,0.0001,0.0001,1,0.1,1,0.0001,400,300,0.4,Adam
0.0,0.0,0.0,S-E-CDE-VAE,200,0.0001,0.0001,1,0.1,1,0.0001,400,300,0.4,Adam
0.4166666666666667,0.20833333333333331,0.10416666666666669,S-E-CDE-VAE,200,0.0001,0.0001,1,0.1,1,0.0001,400,300,0.4,Adam
0.0,0.0,0.028893115613316856,S-E-CDE-VAE,200,0.0001,0.0001,1,0.1,1,0.0001,400,300,0.4,Adam
0.0,0.06456349206349207,0.040993867243867235,S-E-CDE-VAE,200,0.0001,0.0001,1,0.1,1,0.0001,400,300,0.4,Adam
0.0,0.01,0.012909356725146204,S-E-CDE-VAE,200,0.0001,0.0001,1,0.1,1,0.0001,400,300,0.4,Adam
0.0,0.0,0.0,S-E-CDE-VAE,200,0.0001,0.0001,1,0.1,1,0.0001,400,300,0.4,Adam
0.0,0.0,0.0,S-E-CDE-VAE,200,0.0001,0.0001,1,0.1,1,0.0001,400,300,0.4,Adam
0.0,0.0,0.0,S-E-CDE-VAE,200,0.0001,0.0001,1,0.1,1,0.0001,400,300,0.4,Adam
0.0,0.0,0.0,S-E-CDE-VAE,200,0.0001,0.0001,1,0.1,1,0.0001,400,300,0.4,Adam
0.0,0.0,0.0,S-E-CDE-VAE,200,0.0001,0.0001,1,0.1,1,0.0001,400,300,0.4,Adam
0.0,0.0,0.0024999999999999988,S-E-CDE-VAE,200,0.0001,0.0001,1,0.1,1,0.0001,400,300,0.4,Adam
0.0,0.0,0.0,S-E-CDE-VAE,200,0.0001,0.0001,1,0.1,1,0.0001,400,300,0.4,Adam
0.0,0.0,0.013975533195734432,S-E-CDE-VAE,200,0.0001,0.0001,1,0.1,1,0.0001,400,300,0.4,Adam
0.0,0.0,0.0,S-E-CDE-VAE,200,0.0001,0.0001,1,0.1,1,0.0001,400,300,0.4,Adam
0.0,0.0,0.0,S-E-CDE-VAE,200,0.0001,0.0001,1,0.1,1,0.0001,400,300,0.4,Adam
0.0,0.0,0.0,S-E-CDE-VAE,200,0.0001,0.0001,1,0.1,1,0.0001,400,300,0.4,Adam
0.0,0.0,0.011475533195734432,S-E-CDE-VAE,200,0.0001,0.0001,1,0.1,1,0.0001,400,300,0.4,Adam
0.30000000000000004,0.14999999999999997,0.07500000000000001,S-E-CDE-VAE,200,0.0001,0.0001,1,0.1,1,0.0001,400,300,0.4,Adam
0.0,0.0,0.0,S-E-CDE-VAE,200,0.0001,0.0001,1,0.1,1,0.0001,400,300,0.4,Adam
0.0,0.0,0.0,S-E-CDE-VAE,200,0.0001,0.0001,1,0.1,1,0.0001,400,300,0.4,Adam
0.04,0.06345238095238095,0.03422619047619046,S-E-CDE-VAE,200,0.0001,0.0001,1,0.1,1,0.0001,400,300,0.4,Adam
0.0,0.0,0.0,S-E-CDE-VAE,200,0.0001,0.0001,1,0.1,1,0.0001,400,300,0.4,Adam
0.0,0.0,0.0,S-E-CDE-VAE,200,0.0001,0.0001,1,0.1,1,0.0001,400,300,0.4,Adam
0.0,0.0,0.0,S-E-CDE-VAE,200,0.0001,0.0001,1,0.1,1,0.0001,400,300,0.4,Adam
0.0,0.0,0.0,S-E-CDE-VAE,200,0.0001,0.0001,1,0.1,1,0.0001,400,300,0.4,Adam
0.16666666666666666,0.08333333333333333,0.04166666666666663,S-E-CDE-VAE,200,0.0001,0.0001,1,0.1,1,0.0001,400,300,0.4,Adam
0.0,0.0,0.0,S-E-CDE-VAE,200,0.0001,0.0001,1,0.1,1,0.0001,400,300,0.4,Adam
0.0,0.0,0.0,S-E-CDE-VAE,200,0.0001,0.0001,1,0.1,1,0.0001,400,300,0.4,Adam
0.0,0.0,0.0,S-E-CDE-VAE,200,0.0001,0.0001,1,0.1,1,0.0001,400,300,0.4,Adam
0.0,0.0,0.0,S-E-CDE-VAE,200,0.0001,0.0001,1,0.1,1,0.0001,400,300,0.4,Adam
0.0,0.0,0.0025,S-E-CDE-VAE,200,0.0001,0.0001,1,0.1,1,0.0001,400,300,0.4,Adam
0.0,0.0,0.0,S-E-CDE-VAE,200,0.0001,0.0001,1,0.1,1,0.0001,400,300,0.4,Adam
0.0,0.0,0.0,S-E-CDE-VAE,200,0.0001,0.0001,1,0.1,1,0.0001,400,300,0.4,Adam
0.0,0.0,0.0,S-E-CDE-VAE,200,0.0001,0.0001,1,0.1,1,0.0001,400,300,0.4,Adam
0.15666666666666665,0.10928571428571429,0.05464285714285713,S-E-CDE-VAE,200,0.0001,0.0001,1,0.1,1,0.0001,400,300,0.4,Adam
0.0,0.0,0.020880295100496337,S-E-CDE-VAE,200,0.0001,0.0001,1,0.1,1,0.0001,400,300,0.4,Adam
0.0,0.0,0.0,S-E-CDE-VAE,200,0.0001,0.0001,1,0.1,1,0.0001,400,300,0.4,Adam
0.0,0.0,0.0,S-E-CDE-VAE,200,0.0001,0.0001,1,0.1,1,0.0001,400,300,0.4,Adam
0.0,0.047896825396825396,0.028493867243867235,S-E-CDE-VAE,200,0.0001,0.0001,1,0.1,1,0.0001,400,300,0.4,Adam
0.0,0.0,0.0,S-E-CDE-VAE,200,0.0001,0.0001,1,0.1,1,0.0001,400,300,0.4,Adam
0.0,0.0,0.0,S-E-CDE-VAE,200,0.0001,0.0001,1,0.1,1,0.0001,400,300,0.4,Adam
0.0,0.0,0.0,S-E-CDE-VAE,200,0.0001,0.0001,1,0.1,1,0.0001,400,300,0.4,Adam
0.0,0.0,0.0,S-E-CDE-VAE,200,0.0001,0.0001,1,0.1,1,0.0001,400,300,0.4,Adam
0.0,0.0,0.0,S-E-CDE-VAE,200,0.0001,0.0001,1,0.1,1,0.0001,400,300,0.4,Adam
0.0,0.0,0.0,S-E-CDE-VAE,200,0.0001,0.0001,1,0.1,1,0.0001,400,300,0.4,Adam
0.0,0.0,0.0334385701587714,S-E-CDE-VAE,200,0.0001,0.0001,1,0.1,1,0.0001,400,300,0.4,Adam
0.0,0.0,0.0,S-E-CDE-VAE,200,0.0001,0.0001,1,0.1,1,0.0001,400,300,0.4,Adam
0.0,0.0,0.0,S-E-CDE-VAE,200,0.0001,0.0001,1,0.1,1,0.0001,400,300,0.4,Adam
0.45666666666666667,0.2928968253968254,0.1798869828571841,S-E-CDE-VAE,200,0.0001,0.0001,1,0.1,1,0.0001,400,300,0.4,Adam
0.0,0.0,0.0,S-E-CDE-VAE,200,0.0001,0.0001,1,0.1,1,0.0001,400,300,0.4,Adam
0.0,0.0,0.0,S-E-CDE-VAE,200,0.0001,0.0001,1,0.1,1,0.0001,400,300,0.4,Adam
0.0,0.0,0.0,S-E-CDE-VAE,200,0.0001,0.0001,1,0.1,1,0.0001,400,300,0.4,Adam
0.0,0.0,0.0,S-E-CDE-VAE,200,0.0001,0.0001,1,0.1,1,0.0001,400,300,0.4,Adam
0.0,0.0,0.0334385701587714,S-E-CDE-VAE,200,0.0001,0.0001,1,0.1,1,0.0001,400,300,0.4,Adam
0.0,0.0,0.0,S-E-CDE-VAE,200,0.0001,0.0001,1,0.1,1,0.0001,400,300,0.4,Adam
0.0,0.0,0.0,S-E-CDE-VAE,200,0.0001,0.0001,1,0.1,1,0.0001,400,300,0.4,Adam
0.0,0.0,0.0,S-E-CDE-VAE,200,0.0001,0.0001,1,0.1,1,0.0001,400,300,0.4,Adam
0.0,0.0,0.0,S-E-CDE-VAE,200,0.0001,0.0001,1,0.1,1,0.0001,400,300,0.4,Adam
0.0,0.0,0.0,S-E-CDE-VAE,200,0.0001,0.0001,1,0.1,1,0.0001,400,300,0.4,Adam
0.0,0.0,0.0,S-E-CDE-VAE,200,0.0001,0.0001,1,0.1,1,0.0001,400,300,0.4,Adam
0.0,0.03361111111111111,0.021351010101010103,S-E-CDE-VAE,200,0.0001,0.0001,1,0.1,1,0.0001,400,300,0.4,Adam
0.0,0.0,0.0,S-E-CDE-VAE,200,0.0001,0.0001,1,0.1,1,0.0001,400,300,0.4,Adam
0.0,0.0,0.0,S-E-CDE-VAE,200,0.0001,0.0001,1,0.1,1,0.0001,400,300,0.4,Adam
0.0,0.0,0.0,S-E-CDE-VAE,200,0.0001,0.0001,1,0.1,1,0.0001,400,300,0.4,Adam
0.0,0.0,0.0,S-E-CDE-VAE,200,0.0001,0.0001,1,0.1,1,0.0001,400,300,0.4,Adam
0.0,0.0,0.0,S-E-CDE-VAE,200,0.0001,0.0001,1,0.1,1,0.0001,400,300,0.4,Adam
0.0,0.0,0.0,S-E-CDE-VAE,200,0.0001,0.0001,1,0.1,1,0.0001,400,300,0.4,Adam
0.0,0.0,0.0,S-E-CDE-VAE,200,0.0001,0.0001,1,0.1,1,0.0001,400,300,0.4,Adam
0.0,0.0,0.0,S-E-CDE-VAE,200,0.0001,0.0001,1,0.1,1,0.0001,400,300,0.4,Adam
0.0,0.0,0.0,S-E-CDE-VAE,200,0.0001,0.0001,1,0.1,1,0.0001,400,300,0.4,Adam
0.0,0.0,0.0,S-E-CDE-VAE,200,0.0001,0.0001,1,0.1,1,0.0001,400,300,0.4,Adam
0.0,0.0,0.0,S-E-CDE-VAE,200,0.0001,0.0001,1,0.1,1,0.0001,400,300,0.4,Adam
0.0,0.0,0.0,S-E-CDE-VAE,200,0.0001,0.0001,1,0.1,1,0.0001,400,300,0.4,Adam
0.0,0.0,0.0,S-E-CDE-VAE,200,0.0001,0.0001,1,0.1,1,0.0001,400,300,0.4,Adam
0.0,0.0,0.0,S-E-CDE-VAE,200,0.0001,0.0001,1,0.1,1,0.0001,400,300,0.4,Adam
0.0,0.0,0.0,S-E-CDE-VAE,200,0.0001,0.0001,1,0.1,1,0.0001,400,300,0.4,Adam
0.0,0.0,0.0,S-E-CDE-VAE,200,0.0001,0.0001,1,0.1,1,0.0001,400,300,0.4,Adam
0.0,0.0,0.0,S-E-CDE-VAE,200,0.0001,0.0001,1,0.1,1,0.0001,400,300,0.4,Adam
0.0,0.0,0.0025,S-E-CDE-VAE,200,0.0001,0.0001,1,0.1,1,0.0001,400,300,0.4,Adam
0.0,0.0,0.0,S-E-CDE-VAE,200,0.0001,0.0001,1,0.1,1,0.0001,400,300,0.4,Adam
0.0,0.0,0.0,S-E-CDE-VAE,200,0.0001,0.0001,1,0.1,1,0.0001,400,300,0.4,Adam
0.0,0.0,0.0,S-E-CDE-VAE,200,0.0001,0.0001,1,0.1,1,0.0001,400,300,0.4,Adam
0.0,0.0,0.0,S-E-CDE-VAE,200,0.0001,0.0001,1,0.1,1,0.0001,400,300,0.4,Adam
0.0,0.0,0.0,S-E-CDE-VAE,200,0.0001,0.0001,1,0.1,1,0.0001,400,300,0.4,Adam
0.0,0.0,0.0,S-E-CDE-VAE,200,0.0001,0.0001,1,0.1,1,0.0001,400,300,0.4,Adam
0.0,0.0,0.0,S-E-CDE-VAE,200,0.0001,0.0001,1,0.1,1,0.0001,400,300,0.4,Adam
0.0,0.0,0.0,S-E-CDE-VAE,200,0.0001,0.0001,1,0.1,1,0.0001,400,300,0.4,Adam
0.0,0.0,0.0,S-E-CDE-VAE,200,0.0001,0.0001,1,0.1,1,0.0001,400,300,0.4,Adam
0.0,0.0,0.0,S-E-CDE-VAE,200,0.0001,0.0001,1,0.1,1,0.0001,400,300,0.4,Adam
0.0,0.0,0.0,S-E-CDE-VAE,200,0.0001,0.0001,1,0.1,1,0.0001,400,300,0.4,Adam
0.0,0.0,0.0,S-E-CDE-VAE,200,0.0001,0.0001,1,0.1,1,0.0001,400,300,0.4,Adam
0.0,0.016666666666666677,0.012878787878787892,S-E-CDE-VAE,200,0.0001,0.0001,1,0.1,1,0.0001,400,300,0.4,Adam
0.0,0.0,0.0,S-E-CDE-VAE,200,0.0001,0.0001,1,0.1,1,0.0001,400,300,0.4,Adam
0.0,0.0,0.0,S-E-CDE-VAE,200,0.0001,0.0001,1,0.1,1,0.0001,400,300,0.4,Adam
0.0,0.0,0.0,S-E-CDE-VAE,200,0.0001,0.0001,1,0.1,1,0.0001,400,300,0.4,Adam
0.0,0.0,0.0,S-E-CDE-VAE,200,0.0001,0.0001,1,0.1,1,0.0001,400,300,0.4,Adam
0.0,0.0,0.0,S-E-CDE-VAE,200,0.0001,0.0001,1,0.1,1,0.0001,400,300,0.4,Adam
0.0,0.0,0.0,S-E-CDE-VAE,200,0.0001,0.0001,1,0.1,1,0.0001,400,300,0.4,Adam
0.0,0.0,0.0,S-E-CDE-VAE,200,0.0001,0.0001,1,0.1,1,0.0001,400,300,0.4,Adam
0.0,0.0,0.019463036963036966,S-E-CDE-VAE,200,0.0001,0.0001,1,0.1,1,0.0001,400,300,0.4,Adam
0.0,0.0,0.0,S-E-CDE-VAE,200,0.0001,0.0001,1,0.1,1,0.0001,400,300,0.4,Adam
0.0,0.01,0.038438570158771404,S-E-CDE-VAE,200,0.0001,0.0001,1,0.1,1,0.0001,400,300,0.4,Adam
0.0,0.0,0.0,S-E-CDE-VAE,200,0.0001,0.0001,1,0.1,1,0.0001,400,300,0.4,Adam
0.0,0.0,0.0,S-E-CDE-VAE,200,0.0001,0.0001,1,0.1,1,0.0001,400,300,0.4,Adam
0.0,0.0,0.0,S-E-CDE-VAE,200,0.0001,0.0001,1,0.1,1,0.0001,400,300,0.4,Adam
0.0,0.0,0.0,S-E-CDE-VAE,200,0.0001,0.0001,1,0.1,1,0.0001,400,300,0.4,Adam
0.0,0.0,0.0,S-E-CDE-VAE,200,0.0001,0.0001,1,0.1,1,0.0001,400,300,0.4,Adam
0.0,0.0,0.0,S-E-CDE-VAE,200,0.0001,0.0001,1,0.1,1,0.0001,400,300,0.4,Adam
0.0,0.0,0.0,S-E-CDE-VAE,200,0.0001,0.0001,1,0.1,1,0.0001,400,300,0.4,Adam
0.0,0.0,0.0,S-E-CDE-VAE,200,0.0001,0.0001,1,0.1,1,0.0001,400,300,0.4,Adam
0.0,0.0,0.0,S-E-CDE-VAE,200,0.0001,0.0001,1,0.1,1,0.0001,400,300,0.4,Adam
0.0,0.0,0.0,S-E-CDE-VAE,200,0.0001,0.0001,1,0.1,1,0.0001,400,300,0.4,Adam
0.0,0.0,0.0,S-E-CDE-VAE,200,0.0001,0.0001,1,0.1,1,0.0001,400,300,0.4,Adam
0.0,0.0,0.013975533195734432,S-E-CDE-VAE,200,0.0001,0.0001,1,0.1,1,0.0001,400,300,0.4,Adam
0.0,0.0,0.0,S-E-CDE-VAE,200,0.0001,0.0001,1,0.1,1,0.0001,400,300,0.4,Adam
0.0,0.0,0.0,S-E-CDE-VAE,200,0.0001,0.0001,1,0.1,1,0.0001,400,300,0.4,Adam
0.0,0.0,0.0,S-E-CDE-VAE,200,0.0001,0.0001,1,0.1,1,0.0001,400,300,0.4,Adam
0.0,0.0,0.0,S-E-CDE-VAE,200,0.0001,0.0001,1,0.1,1,0.0001,400,300,0.4,Adam
0.0,0.02111111111111111,0.010555555555555554,S-E-CDE-VAE,200,0.0001,0.0001,1,0.1,1,0.0001,400,300,0.4,Adam
0.0,0.0,0.0,S-E-CDE-VAE,200,0.0001,0.0001,1,0.1,1,0.0001,400,300,0.4,Adam
0.0,0.0,0.0,S-E-CDE-VAE,200,0.0001,0.0001,1,0.1,1,0.0001,400,300,0.4,Adam
0.0,0.0,0.0,S-E-CDE-VAE,200,0.0001,0.0001,1,0.1,1,0.0001,400,300,0.4,Adam
0.0,0.0,0.0,S-E-CDE-VAE,200,0.0001,0.0001,1,0.1,1,0.0001,400,300,0.4,Adam
0.0,0.0,0.0,S-E-CDE-VAE,200,0.0001,0.0001,1,0.1,1,0.0001,400,300,0.4,Adam
0.0,0.0,0.0,S-E-CDE-VAE,200,0.0001,0.0001,1,0.1,1,0.0001,400,300,0.4,Adam
0.0,0.0,0.006066176470588233,S-E-CDE-VAE,200,0.0001,0.0001,1,0.1,1,0.0001,400,300,0.4,Adam
0.15666666666666665,0.07833333333333334,0.03916666666666667,S-E-CDE-VAE,200,0.0001,0.0001,1,0.1,1,0.0001,400,300,0.4,Adam
0.0,0.0,0.0,S-E-CDE-VAE,200,0.0001,0.0001,1,0.1,1,0.0001,400,300,0.4,Adam
0.0,0.0,0.0,S-E-CDE-VAE,200,0.0001,0.0001,1,0.1,1,0.0001,400,300,0.4,Adam
0.0,0.0,0.0,S-E-CDE-VAE,200,0.0001,0.0001,1,0.1,1,0.0001,400,300,0.4,Adam
0.0,0.0,0.0,S-E-CDE-VAE,200,0.0001,0.0001,1,0.1,1,0.0001,400,300,0.4,Adam
0.0,0.0,0.0,S-E-CDE-VAE,200,0.0001,0.0001,1,0.1,1,0.0001,400,300,0.4,Adam
0.0,0.0,0.0,S-E-CDE-VAE,200,0.0001,0.0001,1,0.1,1,0.0001,400,300,0.4,Adam
0.0,0.0,0.0,S-E-CDE-VAE,200,0.0001,0.0001,1,0.1,1,0.0001,400,300,0.4,Adam
0.0,0.0,0.0334385701587714,S-E-CDE-VAE,200,0.0001,0.0001,1,0.1,1,0.0001,400,300,0.4,Adam
0.0,0.0,0.0,S-E-CDE-VAE,200,0.0001,0.0001,1,0.1,1,0.0001,400,300,0.4,Adam
0.0,0.03111111111111111,0.020101010101010106,S-E-CDE-VAE,200,0.0001,0.0001,1,0.1,1,0.0001,400,300,0.4,Adam
0.0,0.0,0.0,S-E-CDE-VAE,200,0.0001,0.0001,1,0.1,1,0.0001,400,300,0.4,Adam
0.0,0.0,0.0,S-E-CDE-VAE,200,0.0001,0.0001,1,0.1,1,0.0001,400,300,0.4,Adam
0.0,0.0,0.0,S-E-CDE-VAE,200,0.0001,0.0001,1,0.1,1,0.0001,400,300,0.4,Adam
0.0,0.0,0.0,S-E-CDE-VAE,200,0.0001,0.0001,1,0.1,1,0.0001,400,300,0.4,Adam
0.0,0.0,0.0,S-E-CDE-VAE,200,0.0001,0.0001,1,0.1,1,0.0001,400,300,0.4,Adam
0.0,0.0,0.0,S-E-CDE-VAE,200,0.0001,0.0001,1,0.1,1,0.0001,400,300,0.4,Adam
0.0,0.0,0.0,S-E-CDE-VAE,200,0.0001,0.0001,1,0.1,1,0.0001,400,300,0.4,Adam
0.0,0.0,0.0,S-E-CDE-VAE,200,0.0001,0.0001,1,0.1,1,0.0001,400,300,0.4,Adam
0.0,0.0,0.0,S-E-CDE-VAE,200,0.0001,0.0001,1,0.1,1,0.0001,400,300,0.4,Adam
0.0,0.0,0.0,S-E-CDE-VAE,200,0.0001,0.0001,1,0.1,1,0.0001,400,300,0.4,Adam
0.0,0.0,0.0,S-E-CDE-VAE,200,0.0001,0.0001,1,0.1,1,0.0001,400,300,0.4,Adam
0.0,0.0,0.020880295100496337,S-E-CDE-VAE,200,0.0001,0.0001,1,0.1,1,0.0001,400,300,0.4,Adam
0.0,0.0,0.0,S-E-CDE-VAE,200,0.0001,0.0001,1,0.1,1,0.0001,400,300,0.4,Adam
0.0,0.0,0.0,S-E-CDE-VAE,200,0.0001,0.0001,1,0.1,1,0.0001,400,300,0.4,Adam
0.0,0.0,0.0,S-E-CDE-VAE,200,0.0001,0.0001,1,0.1,1,0.0001,400,300,0.4,Adam
0.0,0.0,0.0,S-E-CDE-VAE,200,0.0001,0.0001,1,0.1,1,0.0001,400,300,0.4,Adam
0.0,0.06456349206349207,0.06572031619051742,S-E-CDE-VAE,200,0.0001,0.0001,1,0.1,1,0.0001,400,300,0.4,Adam
0.0,0.0,0.0,S-E-CDE-VAE,200,0.0001,0.0001,1,0.1,1,0.0001,400,300,0.4,Adam
0.0,0.0,0.0,S-E-CDE-VAE,200,0.0001,0.0001,1,0.1,1,0.0001,400,300,0.4,Adam
0.0,0.0,0.0,S-E-CDE-VAE,200,0.0001,0.0001,1,0.1,1,0.0001,400,300,0.4,Adam
0.0,0.0,0.0,S-E-CDE-VAE,200,0.0001,0.0001,1,0.1,1,0.0001,400,300,0.4,Adam
0.09,0.061666666666666675,0.030833333333333338,S-E-CDE-VAE,200,0.0001,0.0001,1,0.1,1,0.0001,400,300,0.4,Adam
0.0,0.0,0.0,S-E-CDE-VAE,200,0.0001,0.0001,1,0.1,1,0.0001,400,300,0.4,Adam
0.0,0.06456349206349207,0.048411449661449654,S-E-CDE-VAE,200,0.0001,0.0001,1,0.1,1,0.0001,400,300,0.4,Adam
0.0,0.0,0.0,S-E-CDE-VAE,200,0.0001,0.0001,1,0.1,1,0.0001,400,300,0.4,Adam
0.0,0.0,0.0,S-E-CDE-VAE,200,0.0001,0.0001,1,0.1,1,0.0001,400,300,0.4,Adam
0.0,0.0,0.0,S-E-CDE-VAE,200,0.0001,0.0001,1,0.1,1,0.0001,400,300,0.4,Adam
0.0,0.021111111111111112,0.04399412571432696,S-E-CDE-VAE,200,0.0001,0.0001,1,0.1,1,0.0001,400,300,0.4,Adam
0.0,0.0,0.0,S-E-CDE-VAE,200,0.0001,0.0001,1,0.1,1,0.0001,400,300,0.4,Adam
0.0,0.0,0.028893115613316853,S-E-CDE-VAE,200,0.0001,0.0001,1,0.1,1,0.0001,400,300,0.4,Adam
