F-MAP@5,F-MAP@10,F-MAP@20,model,rank,beta,lambda_l2,lambda_keyphrase,lambda_latent,lambda_rating,learning_rate,epoch,corruption,optimizer
0.06666666666666665,0.03333333333333334,0.016666666666666663,E-CDE-VAE,100,1e-07,0.001,1,1,1,0.0005,600,0.4,Adam
-0.15666666666666662,-0.08833333333333326,-0.005256351190948805,E-CDE-VAE,100,1e-07,0.001,1,1,1,0.0005,600,0.4,Adam
0.16666666666666663,0.1648412698412698,0.11536358442898687,E-CDE-VAE,100,1e-07,0.001,1,1,1,0.0005,600,0.4,Adam
0.04999999999999999,0.09638888888888891,0.11362056137017446,E-CDE-VAE,100,1e-07,0.001,1,1,1,0.0005,600,0.4,Adam
0.0,0.0,0.0,E-CDE-VAE,100,1e-07,0.001,1,1,1,0.0005,600,0.4,Adam
0.28333333333333327,0.17944444444444446,0.15762666341226717,E-CDE-VAE,100,1e-07,0.001,1,1,1,0.0005,600,0.4,Adam
-0.45666666666666667,-0.19472222222222219,-0.08435640748140752,E-CDE-VAE,100,1e-07,0.001,1,1,1,0.0005,600,0.4,Adam
0.026666666666666505,-0.05373015873015863,-0.06600823797805222,E-CDE-VAE,100,1e-07,0.001,1,1,1,0.0005,600,0.4,Adam
0.1,0.10472222222222216,0.09044859960301133,E-CDE-VAE,100,1e-07,0.001,1,1,1,0.0005,600,0.4,Adam
0.046666666666666745,0.17357142857142854,0.19695661858781038,E-CDE-VAE,100,1e-07,0.001,1,1,1,0.0005,600,0.4,Adam
-0.15666666666666662,-0.10194444444444462,-0.02867147257627134,E-CDE-VAE,100,1e-07,0.001,1,1,1,0.0005,600,0.4,Adam
0.15666666666666662,0.10928571428571432,0.0769533704169928,E-CDE-VAE,100,1e-07,0.001,1,1,1,0.0005,600,0.4,Adam
-0.1,-0.07678571428571435,-0.013319185973984765,E-CDE-VAE,100,1e-07,0.001,1,1,1,0.0005,600,0.4,Adam
0.0,0.0,0.0025,E-CDE-VAE,100,1e-07,0.001,1,1,1,0.0005,600,0.4,Adam
0.11666666666666659,-0.0062301587301588635,0.028278036248237437,E-CDE-VAE,100,1e-07,0.001,1,1,1,0.0005,600,0.4,Adam
0.15666666666666665,0.05722222222222223,-0.001000704661695398,E-CDE-VAE,100,1e-07,0.001,1,1,1,0.0005,600,0.4,Adam
-0.39666666666666667,-0.344404761904762,-0.32699101831261274,E-CDE-VAE,100,1e-07,0.001,1,1,1,0.0005,600,0.4,Adam
0.0,-0.010000000000000009,-0.02758803696303702,E-CDE-VAE,100,1e-07,0.001,1,1,1,0.0005,600,0.4,Adam
0.04,0.08456349206349206,0.07572031619051742,E-CDE-VAE,100,1e-07,0.001,1,1,1,0.0005,600,0.4,Adam
-0.09000000000000008,-0.1305158730158732,-0.05333597474077356,E-CDE-VAE,100,1e-07,0.001,1,1,1,0.0005,600,0.4,Adam
-0.06666666666666665,0.042341269841269846,0.05583469527548479,E-CDE-VAE,100,1e-07,0.001,1,1,1,0.0005,600,0.4,Adam
0.040000000000000036,0.05916666666666681,0.07772730623349822,E-CDE-VAE,100,1e-07,0.001,1,1,1,0.0005,600,0.4,Adam
-0.5633333333333334,-0.3462301587301587,-0.19555552484151556,E-CDE-VAE,100,1e-07,0.001,1,1,1,0.0005,600,0.4,Adam
0.0,-0.02361111111111111,-0.017708333333333326,E-CDE-VAE,100,1e-07,0.001,1,1,1,0.0005,600,0.4,Adam
-0.04,-0.029999999999999985,-0.056557906962318716,E-CDE-VAE,100,1e-07,0.001,1,1,1,0.0005,600,0.4,Adam
-0.2566666666666667,-0.1617857142857143,-0.005903278867675166,E-CDE-VAE,100,1e-07,0.001,1,1,1,0.0005,600,0.4,Adam
0.0,-0.016666666666666677,0.005296370296370298,E-CDE-VAE,100,1e-07,0.001,1,1,1,0.0005,600,0.4,Adam
0.0,0.0,0.0,E-CDE-VAE,100,1e-07,0.001,1,1,1,0.0005,600,0.4,Adam
0.0,0.021111111111111112,0.015101010101010105,E-CDE-VAE,100,1e-07,0.001,1,1,1,0.0005,600,0.4,Adam
-0.6466666666666667,-0.4635714285714285,-0.3301875491639422,E-CDE-VAE,100,1e-07,0.001,1,1,1,0.0005,600,0.4,Adam
-0.15666666666666665,-0.10928571428571429,-0.07986108039707107,E-CDE-VAE,100,1e-07,0.001,1,1,1,0.0005,600,0.4,Adam
-0.009999999999999898,0.11412698412698408,0.07003443043884228,E-CDE-VAE,100,1e-07,0.001,1,1,1,0.0005,600,0.4,Adam
0.0,0.01,0.019121477937267414,E-CDE-VAE,100,1e-07,0.001,1,1,1,0.0005,600,0.4,Adam
0.0,-0.010000000000000009,-0.03410975569837804,E-CDE-VAE,100,1e-07,0.001,1,1,1,0.0005,600,0.4,Adam
0.3666666666666666,0.19333333333333336,0.07692684873605926,E-CDE-VAE,100,1e-07,0.001,1,1,1,0.0005,600,0.4,Adam
0.0,0.0,0.0,E-CDE-VAE,100,1e-07,0.001,1,1,1,0.0005,600,0.4,Adam
0.0,0.0,-0.011212121212121118,E-CDE-VAE,100,1e-07,0.001,1,1,1,0.0005,600,0.4,Adam
0.10666666666666669,0.17928571428571433,0.09606495843337959,E-CDE-VAE,100,1e-07,0.001,1,1,1,0.0005,600,0.4,Adam
-0.09000000000000008,-0.16746031746031742,-0.13212354015953065,E-CDE-VAE,100,1e-07,0.001,1,1,1,0.0005,600,0.4,Adam
0.0,0.0,0.0,E-CDE-VAE,100,1e-07,0.001,1,1,1,0.0005,600,0.4,Adam
0.0,-0.023611111111111138,-0.10268659831740334,E-CDE-VAE,100,1e-07,0.001,1,1,1,0.0005,600,0.4,Adam
0.0,0.0,-0.01647553319573443,E-CDE-VAE,100,1e-07,0.001,1,1,1,0.0005,600,0.4,Adam
0.45666666666666667,0.245,0.12976999093098165,E-CDE-VAE,100,1e-07,0.001,1,1,1,0.0005,600,0.4,Adam
0.0,-0.033611111111111036,-0.050244125714327126,E-CDE-VAE,100,1e-07,0.001,1,1,1,0.0005,600,0.4,Adam
0.0,0.0,0.008988902179691616,E-CDE-VAE,100,1e-07,0.001,1,1,1,0.0005,600,0.4,Adam
0.0,0.02111111111111119,0.10632581148641518,E-CDE-VAE,100,1e-07,0.001,1,1,1,0.0005,600,0.4,Adam
0.25666666666666665,0.15928571428571428,0.17921599212620884,E-CDE-VAE,100,1e-07,0.001,1,1,1,0.0005,600,0.4,Adam
0.0,0.0,0.0,E-CDE-VAE,100,1e-07,0.001,1,1,1,0.0005,600,0.4,Adam
-0.19999999999999996,-0.10000000000000003,-0.053616774307563786,E-CDE-VAE,100,1e-07,0.001,1,1,1,0.0005,600,0.4,Adam
0.2666666666666666,0.16694444444444434,0.15523153295792608,E-CDE-VAE,100,1e-07,0.001,1,1,1,0.0005,600,0.4,Adam
0.15666666666666665,0.1907936507936508,0.16334234178274423,E-CDE-VAE,100,1e-07,0.001,1,1,1,0.0005,600,0.4,Adam
0.0,0.0,0.0,E-CDE-VAE,100,1e-07,0.001,1,1,1,0.0005,600,0.4,Adam
-0.15666666666666673,-0.057222222222222396,0.015060302184915164,E-CDE-VAE,100,1e-07,0.001,1,1,1,0.0005,600,0.4,Adam
-0.08999999999999997,-0.06166666666666665,0.012665567576558345,E-CDE-VAE,100,1e-07,0.001,1,1,1,0.0005,600,0.4,Adam
-0.21666666666666656,-0.04376984126984129,0.0668771096035029,E-CDE-VAE,100,1e-07,0.001,1,1,1,0.0005,600,0.4,Adam
0.0,0.0,0.0,E-CDE-VAE,100,1e-07,0.001,1,1,1,0.0005,600,0.4,Adam
-0.050000000000000044,-0.0728968253968254,-0.019148659862669337,E-CDE-VAE,100,1e-07,0.001,1,1,1,0.0005,600,0.4,Adam
0.0,0.0,0.0,E-CDE-VAE,100,1e-07,0.001,1,1,1,0.0005,600,0.4,Adam
0.0,0.014285714285714277,0.029999416433239973,E-CDE-VAE,100,1e-07,0.001,1,1,1,0.0005,600,0.4,Adam
0.0,0.0,0.0,E-CDE-VAE,100,1e-07,0.001,1,1,1,0.0005,600,0.4,Adam
-0.15666666666666665,-0.16968253968253966,-0.13225537319577568,E-CDE-VAE,100,1e-07,0.001,1,1,1,0.0005,600,0.4,Adam
0.4066666666666666,0.26373015873015865,0.18526010753951933,E-CDE-VAE,100,1e-07,0.001,1,1,1,0.0005,600,0.4,Adam
0.23999999999999994,0.08210317460317457,0.06030489827509966,E-CDE-VAE,100,1e-07,0.001,1,1,1,0.0005,600,0.4,Adam
0.3666666666666666,0.09765873015873017,0.0012373554807765252,E-CDE-VAE,100,1e-07,0.001,1,1,1,0.0005,600,0.4,Adam
0.10666666666666663,0.053333333333333344,0.06273681577280632,E-CDE-VAE,100,1e-07,0.001,1,1,1,0.0005,600,0.4,Adam
0.30666666666666664,0.2303968253968256,0.18848189585612163,E-CDE-VAE,100,1e-07,0.001,1,1,1,0.0005,600,0.4,Adam
0.21666666666666665,0.10833333333333334,0.03897130647130645,E-CDE-VAE,100,1e-07,0.001,1,1,1,0.0005,600,0.4,Adam
0.0,0.047896825396825396,0.032660533910533904,E-CDE-VAE,100,1e-07,0.001,1,1,1,0.0005,600,0.4,Adam
0.2466666666666667,0.2524603174603175,0.21158966527968093,E-CDE-VAE,100,1e-07,0.001,1,1,1,0.0005,600,0.4,Adam
0.32666666666666666,0.1055952380952381,0.06497490662931843,E-CDE-VAE,100,1e-07,0.001,1,1,1,0.0005,600,0.4,Adam
0.0,0.0,0.0,E-CDE-VAE,100,1e-07,0.001,1,1,1,0.0005,600,0.4,Adam
0.35000000000000003,0.17749999999999994,0.04552542637101459,E-CDE-VAE,100,1e-07,0.001,1,1,1,0.0005,600,0.4,Adam
-0.2566666666666666,-0.14500000000000013,-0.0324091289687265,E-CDE-VAE,100,1e-07,0.001,1,1,1,0.0005,600,0.4,Adam
0.0,0.0,0.0,E-CDE-VAE,100,1e-07,0.001,1,1,1,0.0005,600,0.4,Adam
0.0,0.0,0.0,E-CDE-VAE,100,1e-07,0.001,1,1,1,0.0005,600,0.4,Adam
-0.09000000000000008,-0.10956349206349192,-0.07985502135463429,E-CDE-VAE,100,1e-07,0.001,1,1,1,0.0005,600,0.4,Adam
0.0,0.0,0.005131578947368421,E-CDE-VAE,100,1e-07,0.001,1,1,1,0.0005,600,0.4,Adam
0.10999999999999999,0.12400793650793651,0.12336993480375824,E-CDE-VAE,100,1e-07,0.001,1,1,1,0.0005,600,0.4,Adam
0.91,0.8258730158730159,0.66442408146549,E-CDE-VAE,100,1e-07,0.001,1,1,1,0.0005,600,0.4,Adam
0.09,0.038055555555555565,0.02236111111111111,E-CDE-VAE,100,1e-07,0.001,1,1,1,0.0005,600,0.4,Adam
0.0,0.0,0.0,E-CDE-VAE,100,1e-07,0.001,1,1,1,0.0005,600,0.4,Adam
0.11666666666666659,0.027222222222222148,-0.07702756587238035,E-CDE-VAE,100,1e-07,0.001,1,1,1,0.0005,600,0.4,Adam
-0.030000000000000138,-0.05845238095238081,0.0006715199575105801,E-CDE-VAE,100,1e-07,0.001,1,1,1,0.0005,600,0.4,Adam
0.0,0.03361111111111111,0.029363830613830622,E-CDE-VAE,100,1e-07,0.001,1,1,1,0.0005,600,0.4,Adam
0.0,0.01,0.038438570158771404,E-CDE-VAE,100,1e-07,0.001,1,1,1,0.0005,600,0.4,Adam
0.0,-0.06039682539682539,0.046591466883649554,E-CDE-VAE,100,1e-07,0.001,1,1,1,0.0005,600,0.4,Adam
-0.030000000000000138,-0.1541269841269841,-0.1617050411748553,E-CDE-VAE,100,1e-07,0.001,1,1,1,0.0005,600,0.4,Adam
0.2400000000000001,0.24357142857142866,0.16594463134904303,E-CDE-VAE,100,1e-07,0.001,1,1,1,0.0005,600,0.4,Adam
0.049999999999999996,-0.008611111111111111,0.00012977519556470196,E-CDE-VAE,100,1e-07,0.001,1,1,1,0.0005,600,0.4,Adam
-0.21666666666666665,-0.046269841269841266,0.010684637000426489,E-CDE-VAE,100,1e-07,0.001,1,1,1,0.0005,600,0.4,Adam
0.0,0.02678571428571428,0.02130221386800335,E-CDE-VAE,100,1e-07,0.001,1,1,1,0.0005,600,0.4,Adam
0.0,0.037896825396825415,0.03608271114850059,E-CDE-VAE,100,1e-07,0.001,1,1,1,0.0005,600,0.4,Adam
0.2566666666666666,0.168611111111111,0.10605459598880645,E-CDE-VAE,100,1e-07,0.001,1,1,1,0.0005,600,0.4,Adam
0.0,0.0,-0.010850533195734433,E-CDE-VAE,100,1e-07,0.001,1,1,1,0.0005,600,0.4,Adam
-0.15666666666666665,-0.095,-0.047500000000000014,E-CDE-VAE,100,1e-07,0.001,1,1,1,0.0005,600,0.4,Adam
0.0,0.03777777777777791,0.02580276448697505,E-CDE-VAE,100,1e-07,0.001,1,1,1,0.0005,600,0.4,Adam
0.0,0.047896825396825396,0.028493867243867235,E-CDE-VAE,100,1e-07,0.001,1,1,1,0.0005,600,0.4,Adam
-0.11666666666666664,-0.10178571428571431,9.267478307725674e-05,E-CDE-VAE,100,1e-07,0.001,1,1,1,0.0005,600,0.4,Adam
0.0,-0.05789682539682539,-0.10106059575099824,E-CDE-VAE,100,1e-07,0.001,1,1,1,0.0005,600,0.4,Adam
-0.25666666666666665,-0.1928968253968254,-0.12475540390981564,E-CDE-VAE,100,1e-07,0.001,1,1,1,0.0005,600,0.4,Adam
-0.13000000000000012,-0.27980158730158733,-0.23252473618572678,E-CDE-VAE,100,1e-07,0.001,1,1,1,0.0005,600,0.4,Adam
0.0,0.0,-0.002777777777777768,E-CDE-VAE,100,1e-07,0.001,1,1,1,0.0005,600,0.4,Adam
0.0,0.0,0.0,E-CDE-VAE,100,1e-07,0.001,1,1,1,0.0005,600,0.4,Adam
0.0,0.047896825396825396,0.09369383454522774,E-CDE-VAE,100,1e-07,0.001,1,1,1,0.0005,600,0.4,Adam
0.0,0.0,-0.017939118629908102,E-CDE-VAE,100,1e-07,0.001,1,1,1,0.0005,600,0.4,Adam
0.12999999999999995,0.23952380952380947,0.22619011900552144,E-CDE-VAE,100,1e-07,0.001,1,1,1,0.0005,600,0.4,Adam
0.30666666666666664,0.22345238095238096,0.11963554720133662,E-CDE-VAE,100,1e-07,0.001,1,1,1,0.0005,600,0.4,Adam
0.04,0.1491269841269841,0.16720874799435173,E-CDE-VAE,100,1e-07,0.001,1,1,1,0.0005,600,0.4,Adam
0.04000000000000001,0.07456349206349205,0.04608437099536172,E-CDE-VAE,100,1e-07,0.001,1,1,1,0.0005,600,0.4,Adam
-0.20000000000000007,-0.143452380952381,-0.08510868517447467,E-CDE-VAE,100,1e-07,0.001,1,1,1,0.0005,600,0.4,Adam
-0.21666666666666656,-0.09833333333333316,-0.04867324561403519,E-CDE-VAE,100,1e-07,0.001,1,1,1,0.0005,600,0.4,Adam
-0.20999999999999996,0.024126984126984052,0.08635821479861727,E-CDE-VAE,100,1e-07,0.001,1,1,1,0.0005,600,0.4,Adam
0.5566666666666668,0.4074603174603175,0.26106184450224684,E-CDE-VAE,100,1e-07,0.001,1,1,1,0.0005,600,0.4,Adam
0.02999999999999997,0.1750793650793651,0.18330993847054217,E-CDE-VAE,100,1e-07,0.001,1,1,1,0.0005,600,0.4,Adam
0.0,0.0,0.0,E-CDE-VAE,100,1e-07,0.001,1,1,1,0.0005,600,0.4,Adam
0.15999999999999998,-0.09952380952380951,-0.056262310101319435,E-CDE-VAE,100,1e-07,0.001,1,1,1,0.0005,600,0.4,Adam
0.6733333333333332,0.36345238095238097,0.1855312691264704,E-CDE-VAE,100,1e-07,0.001,1,1,1,0.0005,600,0.4,Adam
0.0,0.0,0.0,E-CDE-VAE,100,1e-07,0.001,1,1,1,0.0005,600,0.4,Adam
-0.13000000000000012,-0.09150793650793643,-0.04281279178337993,E-CDE-VAE,100,1e-07,0.001,1,1,1,0.0005,600,0.4,Adam
0.0,-0.03361111111111111,-0.029363830613830622,E-CDE-VAE,100,1e-07,0.001,1,1,1,0.0005,600,0.4,Adam
0.0,-0.10134920634920634,-0.055220057720057725,E-CDE-VAE,100,1e-07,0.001,1,1,1,0.0005,600,0.4,Adam
0.040000000000000036,0.04111111111111099,0.06796965891006135,E-CDE-VAE,100,1e-07,0.001,1,1,1,0.0005,600,0.4,Adam
0.0,0.0,-0.012385620915032702,E-CDE-VAE,100,1e-07,0.001,1,1,1,0.0005,600,0.4,Adam
-0.2,-0.0763888888888889,0.006094658910061362,E-CDE-VAE,100,1e-07,0.001,1,1,1,0.0005,600,0.4,Adam
0.0,0.0,0.0,E-CDE-VAE,100,1e-07,0.001,1,1,1,0.0005,600,0.4,Adam
0.0,0.0,0.0,E-CDE-VAE,100,1e-07,0.001,1,1,1,0.0005,600,0.4,Adam
0.0,-0.08567460317460324,-0.08752175821254793,E-CDE-VAE,100,1e-07,0.001,1,1,1,0.0005,600,0.4,Adam
0.0,0.0,-0.010850533195734433,E-CDE-VAE,100,1e-07,0.001,1,1,1,0.0005,600,0.4,Adam
0.0,0.0044444444444444176,0.023377242597443837,E-CDE-VAE,100,1e-07,0.001,1,1,1,0.0005,600,0.4,Adam
0.0,-0.07567460317460306,-0.06444014319014313,E-CDE-VAE,100,1e-07,0.001,1,1,1,0.0005,600,0.4,Adam
-0.2566666666666666,-0.2296825396825396,-0.1390528425822543,E-CDE-VAE,100,1e-07,0.001,1,1,1,0.0005,600,0.4,Adam
-0.15666666666666668,-0.10928571428571432,-0.05328233750253869,E-CDE-VAE,100,1e-07,0.001,1,1,1,0.0005,600,0.4,Adam
0.0,0.03361111111111111,0.05024412571432696,E-CDE-VAE,100,1e-07,0.001,1,1,1,0.0005,600,0.4,Adam
-0.04000000000000001,-0.07456349206349205,0.017037119227521658,E-CDE-VAE,100,1e-07,0.001,1,1,1,0.0005,600,0.4,Adam
-0.2566666666666666,-0.1283333333333333,-0.03220079563539302,E-CDE-VAE,100,1e-07,0.001,1,1,1,0.0005,600,0.4,Adam
0.0,0.0,0.0,E-CDE-VAE,100,1e-07,0.001,1,1,1,0.0005,600,0.4,Adam
0.04,0.0676190476190476,0.027463369963369955,E-CDE-VAE,100,1e-07,0.001,1,1,1,0.0005,600,0.4,Adam
0.0,0.02428571428571428,0.05393196049736297,E-CDE-VAE,100,1e-07,0.001,1,1,1,0.0005,600,0.4,Adam
0.0,-0.04789682539682533,-0.06512507809527934,E-CDE-VAE,100,1e-07,0.001,1,1,1,0.0005,600,0.4,Adam
0.19666666666666666,0.20067460317460328,0.16416454954574144,E-CDE-VAE,100,1e-07,0.001,1,1,1,0.0005,600,0.4,Adam
0.0,0.021111111111111112,0.04912570466169537,E-CDE-VAE,100,1e-07,0.001,1,1,1,0.0005,600,0.4,Adam
0.0,0.0,0.0,E-CDE-VAE,100,1e-07,0.001,1,1,1,0.0005,600,0.4,Adam
0.15666666666666662,0.07833333333333325,0.051213767957189016,E-CDE-VAE,100,1e-07,0.001,1,1,1,0.0005,600,0.4,Adam
-0.04,-0.0676190476190476,0.021033331348733808,E-CDE-VAE,100,1e-07,0.001,1,1,1,0.0005,600,0.4,Adam
0.0,0.012499999999999956,0.09753473629054132,E-CDE-VAE,100,1e-07,0.001,1,1,1,0.0005,600,0.4,Adam
0.20999999999999996,0.01793650793650814,-0.0432034836078955,E-CDE-VAE,100,1e-07,0.001,1,1,1,0.0005,600,0.4,Adam
0.0,0.037777777777777785,0.0397691839893852,E-CDE-VAE,100,1e-07,0.001,1,1,1,0.0005,600,0.4,Adam
-0.15000000000000002,-0.18428571428571433,-0.12339102482484837,E-CDE-VAE,100,1e-07,0.001,1,1,1,0.0005,600,0.4,Adam
0.0,0.0,0.0,E-CDE-VAE,100,1e-07,0.001,1,1,1,0.0005,600,0.4,Adam
0.04000000000000001,0.11567460317460318,0.13914551736533165,E-CDE-VAE,100,1e-07,0.001,1,1,1,0.0005,600,0.4,Adam
0.0,0.0,0.0,E-CDE-VAE,100,1e-07,0.001,1,1,1,0.0005,600,0.4,Adam
0.0,0.0,0.016817092221503988,E-CDE-VAE,100,1e-07,0.001,1,1,1,0.0005,600,0.4,Adam
0.04333333333333339,0.04277777777777769,0.13334903744346466,E-CDE-VAE,100,1e-07,0.001,1,1,1,0.0005,600,0.4,Adam
0.0,-0.09134920634920637,-0.0826815494017506,E-CDE-VAE,100,1e-07,0.001,1,1,1,0.0005,600,0.4,Adam
0.09999999999999998,0.028888888888888853,0.04309035112634185,E-CDE-VAE,100,1e-07,0.001,1,1,1,0.0005,600,0.4,Adam
0.0,0.010000000000000009,0.04899026626967806,E-CDE-VAE,100,1e-07,0.001,1,1,1,0.0005,600,0.4,Adam
0.3666666666666667,0.3394047619047619,0.34274741168704015,E-CDE-VAE,100,1e-07,0.001,1,1,1,0.0005,600,0.4,Adam
0.0,0.0,0.0,E-CDE-VAE,100,1e-07,0.001,1,1,1,0.0005,600,0.4,Adam
0.3666666666666667,0.31940476190476197,0.22407952126992378,E-CDE-VAE,100,1e-07,0.001,1,1,1,0.0005,600,0.4,Adam
0.0,0.0,0.0,E-CDE-VAE,100,1e-07,0.001,1,1,1,0.0005,600,0.4,Adam
0.026666666666666644,-0.003333333333333327,0.018861154110767192,E-CDE-VAE,100,1e-07,0.001,1,1,1,0.0005,600,0.4,Adam
-0.6466666666666667,-0.42884920634920637,-0.2839440828779064,E-CDE-VAE,100,1e-07,0.001,1,1,1,0.0005,600,0.4,Adam
0.2566666666666666,0.1283333333333334,0.059621212121212186,E-CDE-VAE,100,1e-07,0.001,1,1,1,0.0005,600,0.4,Adam
0.4566666666666666,0.24499999999999994,0.1654467958512077,E-CDE-VAE,100,1e-07,0.001,1,1,1,0.0005,600,0.4,Adam
0.16666666666666663,0.0733333333333333,0.039405568846358374,E-CDE-VAE,100,1e-07,0.001,1,1,1,0.0005,600,0.4,Adam
-0.3466666666666667,-0.28134920634920635,-0.15357870779890903,E-CDE-VAE,100,1e-07,0.001,1,1,1,0.0005,600,0.4,Adam
0.09,0.10956349206349207,0.051109053270431,E-CDE-VAE,100,1e-07,0.001,1,1,1,0.0005,600,0.4,Adam
0.0,0.0,0.0,E-CDE-VAE,100,1e-07,0.001,1,1,1,0.0005,600,0.4,Adam
-0.21666666666666656,-0.1083333333333335,-0.04198937908496736,E-CDE-VAE,100,1e-07,0.001,1,1,1,0.0005,600,0.4,Adam
0.0,0.0,0.0,E-CDE-VAE,100,1e-07,0.001,1,1,1,0.0005,600,0.4,Adam
-0.2566666666666667,-0.12833333333333335,-0.06434443115364152,E-CDE-VAE,100,1e-07,0.001,1,1,1,0.0005,600,0.4,Adam
0.0,0.0,0.0,E-CDE-VAE,100,1e-07,0.001,1,1,1,0.0005,600,0.4,Adam
0.2066666666666667,0.16789682539682546,0.1401689873593898,E-CDE-VAE,100,1e-07,0.001,1,1,1,0.0005,600,0.4,Adam
-0.4466666666666667,-0.3624603174603175,-0.26292306442267727,E-CDE-VAE,100,1e-07,0.001,1,1,1,0.0005,600,0.4,Adam
0.11666666666666664,0.07944444444444443,0.025360195360195376,E-CDE-VAE,100,1e-07,0.001,1,1,1,0.0005,600,0.4,Adam
0.0,0.0,0.0,E-CDE-VAE,100,1e-07,0.001,1,1,1,0.0005,600,0.4,Adam
-0.15666666666666665,-0.20190476190476192,-0.16963688057728304,E-CDE-VAE,100,1e-07,0.001,1,1,1,0.0005,600,0.4,Adam
0.1,0.05000000000000002,0.019868421052631563,E-CDE-VAE,100,1e-07,0.001,1,1,1,0.0005,600,0.4,Adam
-0.08999999999999991,-0.10956349206349209,-0.05336448789428669,E-CDE-VAE,100,1e-07,0.001,1,1,1,0.0005,600,0.4,Adam
-0.5233333333333333,-0.2883333333333332,-0.12925128384687212,E-CDE-VAE,100,1e-07,0.001,1,1,1,0.0005,600,0.4,Adam
-0.2,-0.045277777777777806,0.003894919365120514,E-CDE-VAE,100,1e-07,0.001,1,1,1,0.0005,600,0.4,Adam
0.09000000000000008,0.1338492063492065,0.12623821633303056,E-CDE-VAE,100,1e-07,0.001,1,1,1,0.0005,600,0.4,Adam
0.0,0.0,-0.03080699121140299,E-CDE-VAE,100,1e-07,0.001,1,1,1,0.0005,600,0.4,Adam
-0.30000000000000004,-0.1978968253968254,-0.1745233084339125,E-CDE-VAE,100,1e-07,0.001,1,1,1,0.0005,600,0.4,Adam
0.0,0.021111111111111112,0.014763297418096191,E-CDE-VAE,100,1e-07,0.001,1,1,1,0.0005,600,0.4,Adam
-0.30000000000000004,-0.1163888888888889,0.04101040900963493,E-CDE-VAE,100,1e-07,0.001,1,1,1,0.0005,600,0.4,Adam
-0.09,-0.16412698412698415,-0.11040671531770604,E-CDE-VAE,100,1e-07,0.001,1,1,1,0.0005,600,0.4,Adam
0.0,0.0,0.0,E-CDE-VAE,100,1e-07,0.001,1,1,1,0.0005,600,0.4,Adam
0.0,-0.02111111111111108,-0.04399412571432715,E-CDE-VAE,100,1e-07,0.001,1,1,1,0.0005,600,0.4,Adam
0.3666666666666667,0.2621825396825397,0.14462562656641598,E-CDE-VAE,100,1e-07,0.001,1,1,1,0.0005,600,0.4,Adam
0.0,0.0,0.0,E-CDE-VAE,100,1e-07,0.001,1,1,1,0.0005,600,0.4,Adam
-0.12666666666666665,0.001230158730158748,0.06377789887271307,E-CDE-VAE,100,1e-07,0.001,1,1,1,0.0005,600,0.4,Adam
-0.09000000000000008,-0.06611111111111112,-0.06598130520150625,E-CDE-VAE,100,1e-07,0.001,1,1,1,0.0005,600,0.4,Adam
0.0,0.0,0.0,E-CDE-VAE,100,1e-07,0.001,1,1,1,0.0005,600,0.4,Adam
0.32333333333333325,0.20511904761904753,0.120588737243149,E-CDE-VAE,100,1e-07,0.001,1,1,1,0.0005,600,0.4,Adam
0.04000000000000001,0.15357142857142853,0.17123832952393325,E-CDE-VAE,100,1e-07,0.001,1,1,1,0.0005,600,0.4,Adam
0.0,0.0,0.010850533195734433,E-CDE-VAE,100,1e-07,0.001,1,1,1,0.0005,600,0.4,Adam
0.039999999999999925,0.013174603174603172,-0.07256147640629074,E-CDE-VAE,100,1e-07,0.001,1,1,1,0.0005,600,0.4,Adam
0.13,0.17051587301587298,0.10152833277833277,E-CDE-VAE,100,1e-07,0.001,1,1,1,0.0005,600,0.4,Adam
-0.15666666666666665,-0.12178571428571429,-0.049308608058608094,E-CDE-VAE,100,1e-07,0.001,1,1,1,0.0005,600,0.4,Adam
0.039999999999999925,0.13912698412698415,0.1611670813276851,E-CDE-VAE,100,1e-07,0.001,1,1,1,0.0005,600,0.4,Adam
0.040000000000000036,0.025555555555555665,0.06986916871398308,E-CDE-VAE,100,1e-07,0.001,1,1,1,0.0005,600,0.4,Adam
0.0,0.02111111111111108,-0.010006426322215933,E-CDE-VAE,100,1e-07,0.001,1,1,1,0.0005,600,0.4,Adam
0.0,0.0,0.0,E-CDE-VAE,100,1e-07,0.001,1,1,1,0.0005,600,0.4,Adam
0.0,0.0,0.0,E-CDE-VAE,100,1e-07,0.001,1,1,1,0.0005,600,0.4,Adam
-0.20000000000000007,-0.059047619047619015,0.06124479966198221,E-CDE-VAE,100,1e-07,0.001,1,1,1,0.0005,600,0.4,Adam
0.08666666666666667,0.2915873015873016,0.19561725039666222,E-CDE-VAE,100,1e-07,0.001,1,1,1,0.0005,600,0.4,Adam
-0.3733333333333333,-0.2748412698412698,-0.1623926460536369,E-CDE-VAE,100,1e-07,0.001,1,1,1,0.0005,600,0.4,Adam
0.0,0.02111111111111108,0.08675931073570387,E-CDE-VAE,100,1e-07,0.001,1,1,1,0.0005,600,0.4,Adam
0.20666666666666667,0.09333333333333338,-0.02908499674560039,E-CDE-VAE,100,1e-07,0.001,1,1,1,0.0005,600,0.4,Adam
-0.3166666666666666,-0.2030555555555556,-0.0987499999999999,E-CDE-VAE,100,1e-07,0.001,1,1,1,0.0005,600,0.4,Adam
-0.15666666666666662,-0.07138888888888906,-0.10475312763431965,E-CDE-VAE,100,1e-07,0.001,1,1,1,0.0005,600,0.4,Adam
-0.09,-0.038055555555555565,-0.03012591575091572,E-CDE-VAE,100,1e-07,0.001,1,1,1,0.0005,600,0.4,Adam
0.04,0.07027777777777777,0.053768592518592506,E-CDE-VAE,100,1e-07,0.001,1,1,1,0.0005,600,0.4,Adam
-0.026666666666666616,0.0766269841269841,0.03465435815474516,E-CDE-VAE,100,1e-07,0.001,1,1,1,0.0005,600,0.4,Adam
0.0,0.0,0.0,E-CDE-VAE,100,1e-07,0.001,1,1,1,0.0005,600,0.4,Adam
0.0,0.04789682539682539,0.0787495296241426,E-CDE-VAE,100,1e-07,0.001,1,1,1,0.0005,600,0.4,Adam
0.039999999999999925,-0.05039682539682544,-0.0888543991698017,E-CDE-VAE,100,1e-07,0.001,1,1,1,0.0005,600,0.4,Adam
-0.4833333333333333,-0.09809523809523801,0.04710142476202844,E-CDE-VAE,100,1e-07,0.001,1,1,1,0.0005,600,0.4,Adam
0.2,0.14789682539682536,0.1073869828571841,E-CDE-VAE,100,1e-07,0.001,1,1,1,0.0005,600,0.4,Adam
0.21666666666666667,0.05059523809523814,0.030215201465201513,E-CDE-VAE,100,1e-07,0.001,1,1,1,0.0005,600,0.4,Adam
0.25666666666666665,0.12404761904761902,0.021655160714758176,E-CDE-VAE,100,1e-07,0.001,1,1,1,0.0005,600,0.4,Adam
0.0,0.0,0.04357179585120774,E-CDE-VAE,100,1e-07,0.001,1,1,1,0.0005,600,0.4,Adam
0.0,0.0,-0.014917582417582424,E-CDE-VAE,100,1e-07,0.001,1,1,1,0.0005,600,0.4,Adam
-0.09000000000000008,-0.1498412698412699,-0.16604197251836583,E-CDE-VAE,100,1e-07,0.001,1,1,1,0.0005,600,0.4,Adam
0.0,0.0,0.05083794043933362,E-CDE-VAE,100,1e-07,0.001,1,1,1,0.0005,600,0.4,Adam
0.20000000000000007,0.12428571428571455,0.04875609190431163,E-CDE-VAE,100,1e-07,0.001,1,1,1,0.0005,600,0.4,Adam
0.39000000000000007,0.29634920634920636,0.19219849079369222,E-CDE-VAE,100,1e-07,0.001,1,1,1,0.0005,600,0.4,Adam
0.21666666666666665,0.15178571428571425,0.12059351682029698,E-CDE-VAE,100,1e-07,0.001,1,1,1,0.0005,600,0.4,Adam
0.0,0.06456349206349207,0.06572031619051742,E-CDE-VAE,100,1e-07,0.001,1,1,1,0.0005,600,0.4,Adam
-0.5033333333333333,-0.42869047619047623,-0.28192167911208155,E-CDE-VAE,100,1e-07,0.001,1,1,1,0.0005,600,0.4,Adam
0.0,0.0,0.0,E-CDE-VAE,100,1e-07,0.001,1,1,1,0.0005,600,0.4,Adam
0.09,0.14317460317460318,0.11485049672549669,E-CDE-VAE,100,1e-07,0.001,1,1,1,0.0005,600,0.4,Adam
0.11666666666666664,0.04404761904761903,0.0872332863644783,E-CDE-VAE,100,1e-07,0.001,1,1,1,0.0005,600,0.4,Adam
0.0,0.0,-0.00571895424836601,E-CDE-VAE,100,1e-07,0.001,1,1,1,0.0005,600,0.4,Adam
0.040000000000000036,0.149126984126984,0.13714238676699975,E-CDE-VAE,100,1e-07,0.001,1,1,1,0.0005,600,0.4,Adam
-0.20000000000000007,-0.10000000000000009,-0.087256210851412,E-CDE-VAE,100,1e-07,0.001,1,1,1,0.0005,600,0.4,Adam
0.0,0.0,-0.005131578947368421,E-CDE-VAE,100,1e-07,0.001,1,1,1,0.0005,600,0.4,Adam
0.0,0.0,0.0,E-CDE-VAE,100,1e-07,0.001,1,1,1,0.0005,600,0.4,Adam
0.046666666666666745,0.14246031746031745,0.16979759189898508,E-CDE-VAE,100,1e-07,0.001,1,1,1,0.0005,600,0.4,Adam
0.21,0.006984126984126926,0.031944002634792135,E-CDE-VAE,100,1e-07,0.001,1,1,1,0.0005,600,0.4,Adam
0.0,0.0,0.0,E-CDE-VAE,100,1e-07,0.001,1,1,1,0.0005,600,0.4,Adam
-0.009999999999999898,0.0005555555555556424,-0.004853801169590777,E-CDE-VAE,100,1e-07,0.001,1,1,1,0.0005,600,0.4,Adam
-0.040000000000000036,-0.18273809523809526,-0.14045466079328317,E-CDE-VAE,100,1e-07,0.001,1,1,1,0.0005,600,0.4,Adam
0.2566666666666667,0.2306746031746031,0.18651613801575107,E-CDE-VAE,100,1e-07,0.001,1,1,1,0.0005,600,0.4,Adam
0.2466666666666667,0.33384920634920634,0.40509001275642154,E-CDE-VAE,100,1e-07,0.001,1,1,1,0.0005,600,0.4,Adam
0.45666666666666667,0.2283333333333333,0.13504696176716302,E-CDE-VAE,100,1e-07,0.001,1,1,1,0.0005,600,0.4,Adam
0.9199999999999999,0.5832936507936509,0.26105867386827153,E-CDE-VAE,100,1e-07,0.001,1,1,1,0.0005,600,0.4,Adam
-0.1,-0.040000000000000036,0.007728729603729667,E-CDE-VAE,100,1e-07,0.001,1,1,1,0.0005,600,0.4,Adam
-0.16666666666666669,-0.028769841269841223,-0.024061954127743646,E-CDE-VAE,100,1e-07,0.001,1,1,1,0.0005,600,0.4,Adam
-0.2566666666666667,-0.20289682539682558,-0.22801129404651072,E-CDE-VAE,100,1e-07,0.001,1,1,1,0.0005,600,0.4,Adam
0.09000000000000008,0.0926190476190476,0.045963694243493114,E-CDE-VAE,100,1e-07,0.001,1,1,1,0.0005,600,0.4,Adam
0.0,-0.06456349206349203,-0.022364163614163657,E-CDE-VAE,100,1e-07,0.001,1,1,1,0.0005,600,0.4,Adam
0.26,0.13694444444444442,0.11075474662935972,E-CDE-VAE,100,1e-07,0.001,1,1,1,0.0005,600,0.4,Adam
-0.21666666666666656,-0.005873015873015919,0.03583452280433708,E-CDE-VAE,100,1e-07,0.001,1,1,1,0.0005,600,0.4,Adam
0.15666666666666662,0.07833333333333348,0.05001719986240094,E-CDE-VAE,100,1e-07,0.001,1,1,1,0.0005,600,0.4,Adam
-0.12999999999999998,-0.22507936507936516,-0.17379748605367795,E-CDE-VAE,100,1e-07,0.001,1,1,1,0.0005,600,0.4,Adam
0.16666666666666663,0.10011904761904777,0.07263180232220473,E-CDE-VAE,100,1e-07,0.001,1,1,1,0.0005,600,0.4,Adam
-0.009999999999999981,0.05956349206349204,0.06835189513788587,E-CDE-VAE,100,1e-07,0.001,1,1,1,0.0005,600,0.4,Adam
-0.2,-0.13361111111111112,-0.05401238166718045,E-CDE-VAE,100,1e-07,0.001,1,1,1,0.0005,600,0.4,Adam
0.0,-0.03361111111111111,-0.02551767676767678,E-CDE-VAE,100,1e-07,0.001,1,1,1,0.0005,600,0.4,Adam
-0.17000000000000004,-0.11305555555555552,-0.13093303325501465,E-CDE-VAE,100,1e-07,0.001,1,1,1,0.0005,600,0.4,Adam
0.5466666666666666,0.2774999999999999,0.18983899571360874,E-CDE-VAE,100,1e-07,0.001,1,1,1,0.0005,600,0.4,Adam
0.0,0.0,0.0,E-CDE-VAE,100,1e-07,0.001,1,1,1,0.0005,600,0.4,Adam
0.2,0.09999999999999998,0.02110688438668315,E-CDE-VAE,100,1e-07,0.001,1,1,1,0.0005,600,0.4,Adam
-0.040000000000000036,-0.12261904761904774,-0.11531838259779437,E-CDE-VAE,100,1e-07,0.001,1,1,1,0.0005,600,0.4,Adam
-0.16000000000000003,0.0535714285714286,0.09821356124955183,E-CDE-VAE,100,1e-07,0.001,1,1,1,0.0005,600,0.4,Adam
0.0,0.0,-0.036379746629359555,E-CDE-VAE,100,1e-07,0.001,1,1,1,0.0005,600,0.4,Adam
0.32666666666666655,0.16333333333333322,0.05201352160910988,E-CDE-VAE,100,1e-07,0.001,1,1,1,0.0005,600,0.4,Adam
0.0,0.0,0.019107112143102855,E-CDE-VAE,100,1e-07,0.001,1,1,1,0.0005,600,0.4,Adam
0.0,0.0,0.024726448946650187,E-CDE-VAE,100,1e-07,0.001,1,1,1,0.0005,600,0.4,Adam
0.0,0.0,0.0,E-CDE-VAE,100,1e-07,0.001,1,1,1,0.0005,600,0.4,Adam
0.06666666666666665,0.010833333333333334,-0.04689561964523262,E-CDE-VAE,100,1e-07,0.001,1,1,1,0.0005,600,0.4,Adam
0.0,0.0,0.0,E-CDE-VAE,100,1e-07,0.001,1,1,1,0.0005,600,0.4,Adam
0.13000000000000012,0.24869047619047613,0.15025159266258348,E-CDE-VAE,100,1e-07,0.001,1,1,1,0.0005,600,0.4,Adam
-0.29,-0.22623015873015873,-0.10139333404813272,E-CDE-VAE,100,1e-07,0.001,1,1,1,0.0005,600,0.4,Adam
0.16666666666666669,0.11444444444444449,0.10561699630778582,E-CDE-VAE,100,1e-07,0.001,1,1,1,0.0005,600,0.4,Adam
0.0,0.0,0.005131578947368421,E-CDE-VAE,100,1e-07,0.001,1,1,1,0.0005,600,0.4,Adam
-0.11666666666666659,-0.020555555555555605,0.005098810503222306,E-CDE-VAE,100,1e-07,0.001,1,1,1,0.0005,600,0.4,Adam
0.33999999999999997,0.23456349206349203,0.10777736668216548,E-CDE-VAE,100,1e-07,0.001,1,1,1,0.0005,600,0.4,Adam
0.09,0.04055555555555557,0.035878902444304916,E-CDE-VAE,100,1e-07,0.001,1,1,1,0.0005,600,0.4,Adam
0.7633333333333333,0.6134126984126984,0.530953362083393,E-CDE-VAE,100,1e-07,0.001,1,1,1,0.0005,600,0.4,Adam
0.7633333333333333,0.4294444444444443,0.33567101886761325,E-CDE-VAE,100,1e-07,0.001,1,1,1,0.0005,600,0.4,Adam
0.0,0.0,0.024726448946650187,E-CDE-VAE,100,1e-07,0.001,1,1,1,0.0005,600,0.4,Adam
0.0,0.0,0.0,E-CDE-VAE,100,1e-07,0.001,1,1,1,0.0005,600,0.4,Adam
0.0,0.0,0.0,E-CDE-VAE,100,1e-07,0.001,1,1,1,0.0005,600,0.4,Adam
0.0,0.0,0.0,E-CDE-VAE,100,1e-07,0.001,1,1,1,0.0005,600,0.4,Adam
-0.04999999999999999,0.012896825396825462,0.04789980337000466,E-CDE-VAE,100,1e-07,0.001,1,1,1,0.0005,600,0.4,Adam
0.0,-0.06456349206349207,-0.0748045652747665,E-CDE-VAE,100,1e-07,0.001,1,1,1,0.0005,600,0.4,Adam
0.04,0.18452380952380953,0.15772178694198816,E-CDE-VAE,100,1e-07,0.001,1,1,1,0.0005,600,0.4,Adam
0.0,0.0,-0.04010303722765021,E-CDE-VAE,100,1e-07,0.001,1,1,1,0.0005,600,0.4,Adam
0.0,0.0,0.0,E-CDE-VAE,100,1e-07,0.001,1,1,1,0.0005,600,0.4,Adam
-0.04000000000000001,-0.06345238095238095,-0.008345895375694135,E-CDE-VAE,100,1e-07,0.001,1,1,1,0.0005,600,0.4,Adam
0.0,-0.014444444444444371,-0.08766553901035323,E-CDE-VAE,100,1e-07,0.001,1,1,1,0.0005,600,0.4,Adam
0.0,0.0,0.0,E-CDE-VAE,100,1e-07,0.001,1,1,1,0.0005,600,0.4,Adam
-0.0666666666666666,-0.03333333333333338,0.0011550203752215271,E-CDE-VAE,100,1e-07,0.001,1,1,1,0.0005,600,0.4,Adam
0.04,0.11567460317460317,0.12749221968262217,E-CDE-VAE,100,1e-07,0.001,1,1,1,0.0005,600,0.4,Adam
-0.04999999999999999,-0.077063492063492,-0.02598783676763544,E-CDE-VAE,100,1e-07,0.001,1,1,1,0.0005,600,0.4,Adam
0.0,0.0,0.0,E-CDE-VAE,100,1e-07,0.001,1,1,1,0.0005,600,0.4,Adam
0.0,0.0,0.0,E-CDE-VAE,100,1e-07,0.001,1,1,1,0.0005,600,0.4,Adam
0.26,0.06543650793650796,0.015028145873734078,E-CDE-VAE,100,1e-07,0.001,1,1,1,0.0005,600,0.4,Adam
0.0,0.0,0.0,E-CDE-VAE,100,1e-07,0.001,1,1,1,0.0005,600,0.4,Adam
0.2,0.03960317460317464,-0.035172450958054435,E-CDE-VAE,100,1e-07,0.001,1,1,1,0.0005,600,0.4,Adam
0.0,0.0,0.0,E-CDE-VAE,100,1e-07,0.001,1,1,1,0.0005,600,0.4,Adam
-0.04333333333333328,-0.011666666666666603,0.009337121212121213,E-CDE-VAE,100,1e-07,0.001,1,1,1,0.0005,600,0.4,Adam
0.0,0.0,-0.016507494698284164,E-CDE-VAE,100,1e-07,0.001,1,1,1,0.0005,600,0.4,Adam
0.15666666666666662,0.073888888888889,-0.051158820539625394,E-CDE-VAE,100,1e-07,0.001,1,1,1,0.0005,600,0.4,Adam
-0.09000000000000002,-0.07595238095238088,0.02733290380929687,E-CDE-VAE,100,1e-07,0.001,1,1,1,0.0005,600,0.4,Adam
0.0,0.0,0.0,E-CDE-VAE,100,1e-07,0.001,1,1,1,0.0005,600,0.4,Adam
0.0,0.0,0.0025,E-CDE-VAE,100,1e-07,0.001,1,1,1,0.0005,600,0.4,Adam
0.0,0.0,0.0334385701587714,E-CDE-VAE,100,1e-07,0.001,1,1,1,0.0005,600,0.4,Adam
-0.3466666666666667,-0.36702380952380953,-0.24134020799461978,E-CDE-VAE,100,1e-07,0.001,1,1,1,0.0005,600,0.4,Adam
0.15666666666666662,0.044722222222222274,-0.0010476971428983184,E-CDE-VAE,100,1e-07,0.001,1,1,1,0.0005,600,0.4,Adam
0.0,0.0,0.024726448946650187,E-CDE-VAE,100,1e-07,0.001,1,1,1,0.0005,600,0.4,Adam
0.050000000000000044,0.025000000000000022,-0.008380295100496205,E-CDE-VAE,100,1e-07,0.001,1,1,1,0.0005,600,0.4,Adam
0.0,-0.014285714285714284,-0.007142857142857131,E-CDE-VAE,100,1e-07,0.001,1,1,1,0.0005,600,0.4,Adam
0.0,0.0,-0.016607112143102856,E-CDE-VAE,100,1e-07,0.001,1,1,1,0.0005,600,0.4,Adam
0.0,0.0,0.0,E-CDE-VAE,100,1e-07,0.001,1,1,1,0.0005,600,0.4,Adam
0.04,0.08456349206349206,0.09003740841202143,E-CDE-VAE,100,1e-07,0.001,1,1,1,0.0005,600,0.4,Adam
0.0,0.0,0.0,E-CDE-VAE,100,1e-07,0.001,1,1,1,0.0005,600,0.4,Adam
0.0,0.0,0.0,E-CDE-VAE,100,1e-07,0.001,1,1,1,0.0005,600,0.4,Adam
-0.049999999999999996,-0.037500000000000006,-0.026659356725146188,E-CDE-VAE,100,1e-07,0.001,1,1,1,0.0005,600,0.4,Adam
0.25000000000000006,0.07154761904761914,-0.0458000178356216,E-CDE-VAE,100,1e-07,0.001,1,1,1,0.0005,600,0.4,Adam
0.0,0.0,0.0,E-CDE-VAE,100,1e-07,0.001,1,1,1,0.0005,600,0.4,Adam
0.0,-0.016785714285714286,0.026432402307015324,E-CDE-VAE,100,1e-07,0.001,1,1,1,0.0005,600,0.4,Adam
0.35666666666666663,0.28634920634920635,0.17661317333337456,E-CDE-VAE,100,1e-07,0.001,1,1,1,0.0005,600,0.4,Adam
0.5166666666666667,0.3062301587301588,0.17361233129615483,E-CDE-VAE,100,1e-07,0.001,1,1,1,0.0005,600,0.4,Adam
0.13000000000000012,0.16317460317460308,0.1313586566082695,E-CDE-VAE,100,1e-07,0.001,1,1,1,0.0005,600,0.4,Adam
0.0,0.0,0.0,E-CDE-VAE,100,1e-07,0.001,1,1,1,0.0005,600,0.4,Adam
0.0,0.0,0.0,E-CDE-VAE,100,1e-07,0.001,1,1,1,0.0005,600,0.4,Adam
0.04,0.11134920634920634,0.03348011573050272,E-CDE-VAE,100,1e-07,0.001,1,1,1,0.0005,600,0.4,Adam
0.0,0.009999999999999898,0.05164841071381332,E-CDE-VAE,100,1e-07,0.001,1,1,1,0.0005,600,0.4,Adam
-0.09,-0.10956349206349207,-0.08822031619051743,E-CDE-VAE,100,1e-07,0.001,1,1,1,0.0005,600,0.4,Adam
0.0,0.0,-0.0025000000000000577,E-CDE-VAE,100,1e-07,0.001,1,1,1,0.0005,600,0.4,Adam
0.0,0.021111111111111112,0.03314359251859253,E-CDE-VAE,100,1e-07,0.001,1,1,1,0.0005,600,0.4,Adam
0.0,0.0,0.007269990930981643,E-CDE-VAE,100,1e-07,0.001,1,1,1,0.0005,600,0.4,Adam
0.0,-0.010000000000000009,-0.041070149106139375,E-CDE-VAE,100,1e-07,0.001,1,1,1,0.0005,600,0.4,Adam
0.15666666666666662,0.14289682539682536,0.19457669652329113,E-CDE-VAE,100,1e-07,0.001,1,1,1,0.0005,600,0.4,Adam
0.0,-0.05456349206349209,-0.026789971724182182,E-CDE-VAE,100,1e-07,0.001,1,1,1,0.0005,600,0.4,Adam
0.09,0.09956349206349208,0.049781746031746024,E-CDE-VAE,100,1e-07,0.001,1,1,1,0.0005,600,0.4,Adam
-0.039999999999999925,-0.053611111111111165,-0.049209768989180835,E-CDE-VAE,100,1e-07,0.001,1,1,1,0.0005,600,0.4,Adam
0.0,0.0,0.010850533195734452,E-CDE-VAE,100,1e-07,0.001,1,1,1,0.0005,600,0.4,Adam
0.0,0.0,0.017308866529067764,E-CDE-VAE,100,1e-07,0.001,1,1,1,0.0005,600,0.4,Adam
0.050000000000000044,0.0375000000000002,0.007537878787879038,E-CDE-VAE,100,1e-07,0.001,1,1,1,0.0005,600,0.4,Adam
0.0,0.0,0.0,E-CDE-VAE,100,1e-07,0.001,1,1,1,0.0005,600,0.4,Adam
-0.040000000000000036,-0.01000000000000012,0.04658077002117278,E-CDE-VAE,100,1e-07,0.001,1,1,1,0.0005,600,0.4,Adam
0.0,0.0,0.0,E-CDE-VAE,100,1e-07,0.001,1,1,1,0.0005,600,0.4,Adam
0.0,0.0,0.0,E-CDE-VAE,100,1e-07,0.001,1,1,1,0.0005,600,0.4,Adam
0.8699999999999999,0.5037301587301588,0.242928421767431,E-CDE-VAE,100,1e-07,0.001,1,1,1,0.0005,600,0.4,Adam
-0.04,-0.07027777777777779,-0.03778483363042187,E-CDE-VAE,100,1e-07,0.001,1,1,1,0.0005,600,0.4,Adam
0.21666666666666667,0.036825396825396706,-0.04787567394765535,E-CDE-VAE,100,1e-07,0.001,1,1,1,0.0005,600,0.4,Adam
-0.2066666666666667,-0.17900793650793648,-0.14847175184636485,E-CDE-VAE,100,1e-07,0.001,1,1,1,0.0005,600,0.4,Adam
0.0,0.0,0.0,E-CDE-VAE,100,1e-07,0.001,1,1,1,0.0005,600,0.4,Adam
0.0,0.01,0.09275743541803913,E-CDE-VAE,100,1e-07,0.001,1,1,1,0.0005,600,0.4,Adam
0.0,0.0,0.0,E-CDE-VAE,100,1e-07,0.001,1,1,1,0.0005,600,0.4,Adam
0.0,0.0,0.0074175824175824225,E-CDE-VAE,100,1e-07,0.001,1,1,1,0.0005,600,0.4,Adam
0.0,0.033611111111111036,0.04961387361348646,E-CDE-VAE,100,1e-07,0.001,1,1,1,0.0005,600,0.4,Adam
0.050000000000000044,0.046111111111111214,0.010988645857066826,E-CDE-VAE,100,1e-07,0.001,1,1,1,0.0005,600,0.4,Adam
-0.11666666666666659,-0.010436507936507966,0.033629672915663544,E-CDE-VAE,100,1e-07,0.001,1,1,1,0.0005,600,0.4,Adam
0.0,-0.06900793650793635,-0.1737299942060001,E-CDE-VAE,100,1e-07,0.001,1,1,1,0.0005,600,0.4,Adam
-0.5166666666666667,-0.26515873015873026,-0.13250606119027175,E-CDE-VAE,100,1e-07,0.001,1,1,1,0.0005,600,0.4,Adam
-0.12666666666666665,0.04484126984126968,0.133177663624645,E-CDE-VAE,100,1e-07,0.001,1,1,1,0.0005,600,0.4,Adam
-0.4566666666666666,-0.24083333333333334,-0.1883676892423023,E-CDE-VAE,100,1e-07,0.001,1,1,1,0.0005,600,0.4,Adam
0.0,0.0,0.005131578947368421,E-CDE-VAE,100,1e-07,0.001,1,1,1,0.0005,600,0.4,Adam
0.0,0.0,0.0,E-CDE-VAE,100,1e-07,0.001,1,1,1,0.0005,600,0.4,Adam
0.0,0.0,0.0,E-CDE-VAE,100,1e-07,0.001,1,1,1,0.0005,600,0.4,Adam
0.0,-0.06456349206349207,-0.057017308671720446,E-CDE-VAE,100,1e-07,0.001,1,1,1,0.0005,600,0.4,Adam
0.0,0.0,0.0,E-CDE-VAE,100,1e-07,0.001,1,1,1,0.0005,600,0.4,Adam
0.0,0.010000000000000009,0.0327196159104054,E-CDE-VAE,100,1e-07,0.001,1,1,1,0.0005,600,0.4,Adam
0.0,0.0,0.0,E-CDE-VAE,100,1e-07,0.001,1,1,1,0.0005,600,0.4,Adam
0.0,0.0,0.0,E-CDE-VAE,100,1e-07,0.001,1,1,1,0.0005,600,0.4,Adam
0.09000000000000002,0.161626984126984,0.14325310203212666,E-CDE-VAE,100,1e-07,0.001,1,1,1,0.0005,600,0.4,Adam
0.2566666666666667,0.17611111111111105,0.11548953089394265,E-CDE-VAE,100,1e-07,0.001,1,1,1,0.0005,600,0.4,Adam
-0.5866666666666667,-0.42246031746031737,-0.29635076309998903,E-CDE-VAE,100,1e-07,0.001,1,1,1,0.0005,600,0.4,Adam
0.0,0.0,-0.0362019821423849,E-CDE-VAE,100,1e-07,0.001,1,1,1,0.0005,600,0.4,Adam
-0.6533333333333333,-0.42218253968253966,-0.16672721585260283,E-CDE-VAE,100,1e-07,0.001,1,1,1,0.0005,600,0.4,Adam
0.0,0.033611111111111036,0.04511254676695864,E-CDE-VAE,100,1e-07,0.001,1,1,1,0.0005,600,0.4,Adam
0.09000000000000002,0.161626984126984,0.14325310203212666,E-CDE-VAE,100,1e-07,0.001,1,1,1,0.0005,600,0.4,Adam
0.0,0.0,0.0,E-CDE-VAE,100,1e-07,0.001,1,1,1,0.0005,600,0.4,Adam
0.0,0.0,0.0,E-CDE-VAE,100,1e-07,0.001,1,1,1,0.0005,600,0.4,Adam
-0.1666666666666666,-0.14789682539682536,-0.1311485195231324,E-CDE-VAE,100,1e-07,0.001,1,1,1,0.0005,600,0.4,Adam
0.040000000000000036,0.1324603174603174,0.09638172285231106,E-CDE-VAE,100,1e-07,0.001,1,1,1,0.0005,600,0.4,Adam
0.0,0.0,0.010850533195734433,E-CDE-VAE,100,1e-07,0.001,1,1,1,0.0005,600,0.4,Adam
0.0,-0.02361111111111125,0.0071608639468546675,E-CDE-VAE,100,1e-07,0.001,1,1,1,0.0005,600,0.4,Adam
0.0,0.0,0.010850533195734433,E-CDE-VAE,100,1e-07,0.001,1,1,1,0.0005,600,0.4,Adam
0.09999999999999998,0.05444444444444452,0.029376392656191463,E-CDE-VAE,100,1e-07,0.001,1,1,1,0.0005,600,0.4,Adam
0.0,0.0,0.0,E-CDE-VAE,100,1e-07,0.001,1,1,1,0.0005,600,0.4,Adam
0.0,0.06456349206349199,0.03492769077327884,E-CDE-VAE,100,1e-07,0.001,1,1,1,0.0005,600,0.4,Adam
0.0,0.0,0.0,E-CDE-VAE,100,1e-07,0.001,1,1,1,0.0005,600,0.4,Adam
0.15666666666666665,0.07249999999999995,0.040375591470792616,E-CDE-VAE,100,1e-07,0.001,1,1,1,0.0005,600,0.4,Adam
0.15000000000000002,0.08499999999999996,0.023115110079119372,E-CDE-VAE,100,1e-07,0.001,1,1,1,0.0005,600,0.4,Adam
-0.09999999999999998,-0.07428571428571429,0.025671489243470513,E-CDE-VAE,100,1e-07,0.001,1,1,1,0.0005,600,0.4,Adam
0.0,0.0,0.0,E-CDE-VAE,100,1e-07,0.001,1,1,1,0.0005,600,0.4,Adam
0.06666666666666665,-0.00011904761904757422,-0.0036366155774051334,E-CDE-VAE,100,1e-07,0.001,1,1,1,0.0005,600,0.4,Adam
-0.04999999999999993,0.06067460317460316,0.04823328932849058,E-CDE-VAE,100,1e-07,0.001,1,1,1,0.0005,600,0.4,Adam
0.0,0.0,0.0,E-CDE-VAE,100,1e-07,0.001,1,1,1,0.0005,600,0.4,Adam
0.050000000000000044,-0.005952380952381042,-0.010885547201336832,E-CDE-VAE,100,1e-07,0.001,1,1,1,0.0005,600,0.4,Adam
-0.11666666666666664,0.02051587301587307,0.0838938939887083,E-CDE-VAE,100,1e-07,0.001,1,1,1,0.0005,600,0.4,Adam
0.32333333333333325,0.19511904761904775,0.13639833700011716,E-CDE-VAE,100,1e-07,0.001,1,1,1,0.0005,600,0.4,Adam
0.0,0.0,-0.0334385701587715,E-CDE-VAE,100,1e-07,0.001,1,1,1,0.0005,600,0.4,Adam
0.0,0.0,0.0,E-CDE-VAE,100,1e-07,0.001,1,1,1,0.0005,600,0.4,Adam
0.0,0.021111111111111112,0.023113830613830624,E-CDE-VAE,100,1e-07,0.001,1,1,1,0.0005,600,0.4,Adam
0.0,0.0,0.0,E-CDE-VAE,100,1e-07,0.001,1,1,1,0.0005,600,0.4,Adam
0.0,0.0,0.0,E-CDE-VAE,100,1e-07,0.001,1,1,1,0.0005,600,0.4,Adam
0.04000000000000001,0.08456349206349204,0.06926198285718405,E-CDE-VAE,100,1e-07,0.001,1,1,1,0.0005,600,0.4,Adam
-0.2900000000000001,-0.1182142857142856,-0.11889914608954866,E-CDE-VAE,100,1e-07,0.001,1,1,1,0.0005,600,0.4,Adam
-0.3566666666666668,-0.20500000000000007,-0.18671657569296907,E-CDE-VAE,100,1e-07,0.001,1,1,1,0.0005,600,0.4,Adam
0.5033333333333333,0.37384920634920626,0.2847708824972757,E-CDE-VAE,100,1e-07,0.001,1,1,1,0.0005,600,0.4,Adam
-0.09000000000000008,-0.1598412698412699,-0.16567149139130555,E-CDE-VAE,100,1e-07,0.001,1,1,1,0.0005,600,0.4,Adam
-0.2900000000000001,-0.28412698412698395,-0.19697859222820518,E-CDE-VAE,100,1e-07,0.001,1,1,1,0.0005,600,0.4,Adam
0.2566666666666666,0.2507936507936509,0.26918086793667284,E-CDE-VAE,100,1e-07,0.001,1,1,1,0.0005,600,0.4,Adam
0.0,0.0,0.0,E-CDE-VAE,100,1e-07,0.001,1,1,1,0.0005,600,0.4,Adam
0.15999999999999998,0.0733333333333333,0.05148644849302758,E-CDE-VAE,100,1e-07,0.001,1,1,1,0.0005,600,0.4,Adam
0.1666666666666666,0.10027777777777763,0.07590700450220572,E-CDE-VAE,100,1e-07,0.001,1,1,1,0.0005,600,0.4,Adam
-0.3233333333333333,-0.1883333333333334,-0.13486633464574638,E-CDE-VAE,100,1e-07,0.001,1,1,1,0.0005,600,0.4,Adam
0.0,0.0,0.0,E-CDE-VAE,100,1e-07,0.001,1,1,1,0.0005,600,0.4,Adam
0.026666666666666505,0.013333333333333197,-0.013273778809769543,E-CDE-VAE,100,1e-07,0.001,1,1,1,0.0005,600,0.4,Adam
0.0,0.0,0.0,E-CDE-VAE,100,1e-07,0.001,1,1,1,0.0005,600,0.4,Adam
-0.09000000000000008,-0.05166666666666675,-0.09676176442236828,E-CDE-VAE,100,1e-07,0.001,1,1,1,0.0005,600,0.4,Adam
0.41333333333333333,0.23333333333333334,0.10914380360781295,E-CDE-VAE,100,1e-07,0.001,1,1,1,0.0005,600,0.4,Adam
-0.15000000000000002,-0.07499999999999998,0.014552515338118965,E-CDE-VAE,100,1e-07,0.001,1,1,1,0.0005,600,0.4,Adam
0.46666666666666656,0.28539682539682554,0.2268844195450233,E-CDE-VAE,100,1e-07,0.001,1,1,1,0.0005,600,0.4,Adam
0.040000000000000036,-0.006785714285714284,-0.03900952182492423,E-CDE-VAE,100,1e-07,0.001,1,1,1,0.0005,600,0.4,Adam
0.15000000000000002,0.09928571428571437,0.08239788505268375,E-CDE-VAE,100,1e-07,0.001,1,1,1,0.0005,600,0.4,Adam
-0.050000000000000044,-0.025000000000000022,-0.03903380825400937,E-CDE-VAE,100,1e-07,0.001,1,1,1,0.0005,600,0.4,Adam
0.0,0.02428571428571427,0.008778954963165442,E-CDE-VAE,100,1e-07,0.001,1,1,1,0.0005,600,0.4,Adam
0.0,0.0,0.0,E-CDE-VAE,100,1e-07,0.001,1,1,1,0.0005,600,0.4,Adam
0.13,0.2854761904761904,0.25702933891014373,E-CDE-VAE,100,1e-07,0.001,1,1,1,0.0005,600,0.4,Adam
0.20999999999999996,0.10071428571428576,0.1438413953177884,E-CDE-VAE,100,1e-07,0.001,1,1,1,0.0005,600,0.4,Adam
0.0,0.0,0.0,E-CDE-VAE,100,1e-07,0.001,1,1,1,0.0005,600,0.4,Adam
0.19000000000000006,0.27884920634920624,0.32963616105256976,E-CDE-VAE,100,1e-07,0.001,1,1,1,0.0005,600,0.4,Adam
0.0,0.0,0.03700999873019997,E-CDE-VAE,100,1e-07,0.001,1,1,1,0.0005,600,0.4,Adam
0.5833333333333333,0.26055555555555554,0.10862433833796048,E-CDE-VAE,100,1e-07,0.001,1,1,1,0.0005,600,0.4,Adam
0.09000000000000008,0.11539682539682539,0.10376069901031204,E-CDE-VAE,100,1e-07,0.001,1,1,1,0.0005,600,0.4,Adam
0.0,0.03095238095238096,0.044369306089507315,E-CDE-VAE,100,1e-07,0.001,1,1,1,0.0005,600,0.4,Adam
0.0,0.0,0.0,E-CDE-VAE,100,1e-07,0.001,1,1,1,0.0005,600,0.4,Adam
-0.09000000000000002,-0.10511904761904764,-0.059012193946404445,E-CDE-VAE,100,1e-07,0.001,1,1,1,0.0005,600,0.4,Adam
0.0,0.0,0.0,E-CDE-VAE,100,1e-07,0.001,1,1,1,0.0005,600,0.4,Adam
-0.04,-0.13246031746031744,-0.1279757201003331,E-CDE-VAE,100,1e-07,0.001,1,1,1,0.0005,600,0.4,Adam
0.16666666666666666,0.08333333333333333,0.04166666666666663,E-CDE-VAE,100,1e-07,0.001,1,1,1,0.0005,600,0.4,Adam
0.0,0.0125,0.020225533195734426,E-CDE-VAE,100,1e-07,0.001,1,1,1,0.0005,600,0.4,Adam
0.0,0.0,-0.011034356725146188,E-CDE-VAE,100,1e-07,0.001,1,1,1,0.0005,600,0.4,Adam
-0.05000000000000002,-0.11067460317460323,-0.09152308067749243,E-CDE-VAE,100,1e-07,0.001,1,1,1,0.0005,600,0.4,Adam
0.20666666666666667,0.08654761904761898,0.09949299152859525,E-CDE-VAE,100,1e-07,0.001,1,1,1,0.0005,600,0.4,Adam
0.09000000000000002,0.08527777777777773,0.0815186355182485,E-CDE-VAE,100,1e-07,0.001,1,1,1,0.0005,600,0.4,Adam
0.049999999999999996,0.1165079365079365,0.1781645487295642,E-CDE-VAE,100,1e-07,0.001,1,1,1,0.0005,600,0.4,Adam
-0.04999999999999993,-0.0038888888888889417,0.08342170686210937,E-CDE-VAE,100,1e-07,0.001,1,1,1,0.0005,600,0.4,Adam
-0.5166666666666667,-0.3128968253968255,-0.20091208413189843,E-CDE-VAE,100,1e-07,0.001,1,1,1,0.0005,600,0.4,Adam
-0.20999999999999996,-0.05043650793650789,-0.033127610693400145,E-CDE-VAE,100,1e-07,0.001,1,1,1,0.0005,600,0.4,Adam
0.24666666666666665,0.1736111111111111,0.1328929045240964,E-CDE-VAE,100,1e-07,0.001,1,1,1,0.0005,600,0.4,Adam
0.0,0.07706349206349195,0.06911758777857868,E-CDE-VAE,100,1e-07,0.001,1,1,1,0.0005,600,0.4,Adam
-0.15666666666666662,-0.04043650793650799,-0.0028083773381761823,E-CDE-VAE,100,1e-07,0.001,1,1,1,0.0005,600,0.4,Adam
0.19666666666666666,0.30896825396825395,0.2598014842055091,E-CDE-VAE,100,1e-07,0.001,1,1,1,0.0005,600,0.4,Adam
0.0,-0.04789682539682527,-0.057386982857184465,E-CDE-VAE,100,1e-07,0.001,1,1,1,0.0005,600,0.4,Adam
0.0,0.0,0.032457645338837285,E-CDE-VAE,100,1e-07,0.001,1,1,1,0.0005,600,0.4,Adam
0.04999999999999993,0.014999999999999902,-0.11244681251840682,E-CDE-VAE,100,1e-07,0.001,1,1,1,0.0005,600,0.4,Adam
0.09999999999999998,0.0021031746031745513,-0.04029108748149024,E-CDE-VAE,100,1e-07,0.001,1,1,1,0.0005,600,0.4,Adam
0.6133333333333333,0.4905158730158729,0.37186329880989305,E-CDE-VAE,100,1e-07,0.001,1,1,1,0.0005,600,0.4,Adam
0.0,0.0,0.0,E-CDE-VAE,100,1e-07,0.001,1,1,1,0.0005,600,0.4,Adam
0.09000000000000002,0.22202380952380957,0.18972050309511623,E-CDE-VAE,100,1e-07,0.001,1,1,1,0.0005,600,0.4,Adam
0.0,-0.01,-0.009545454545454548,E-CDE-VAE,100,1e-07,0.001,1,1,1,0.0005,600,0.4,Adam
0.2966666666666667,0.3128571428571428,0.1863398407148407,E-CDE-VAE,100,1e-07,0.001,1,1,1,0.0005,600,0.4,Adam
0.0,0.0,0.0,E-CDE-VAE,100,1e-07,0.001,1,1,1,0.0005,600,0.4,Adam
0.0,0.0,0.0,E-CDE-VAE,100,1e-07,0.001,1,1,1,0.0005,600,0.4,Adam
0.0,0.0,0.0,E-CDE-VAE,100,1e-07,0.001,1,1,1,0.0005,600,0.4,Adam
0.0,0.0,0.0,E-CDE-VAE,100,1e-07,0.001,1,1,1,0.0005,600,0.4,Adam
-0.04,-0.11817460317460318,-0.08965374387394508,E-CDE-VAE,100,1e-07,0.001,1,1,1,0.0005,600,0.4,Adam
-0.11666666666666659,-0.03722222222222238,0.01218676640696792,E-CDE-VAE,100,1e-07,0.001,1,1,1,0.0005,600,0.4,Adam
-0.45666666666666667,-0.2251587301587301,-0.12197321168683384,E-CDE-VAE,100,1e-07,0.001,1,1,1,0.0005,600,0.4,Adam
0.0,0.0,0.0,E-CDE-VAE,100,1e-07,0.001,1,1,1,0.0005,600,0.4,Adam
0.04,0.06027777777777778,0.03527958152958158,E-CDE-VAE,100,1e-07,0.001,1,1,1,0.0005,600,0.4,Adam
0.5033333333333333,0.4932539682539683,0.37882677758258254,E-CDE-VAE,100,1e-07,0.001,1,1,1,0.0005,600,0.4,Adam
0.1,0.03305555555555556,-0.009493209963411298,E-CDE-VAE,100,1e-07,0.001,1,1,1,0.0005,600,0.4,Adam
-0.20666666666666667,-0.13428571428571445,-0.09814947908988181,E-CDE-VAE,100,1e-07,0.001,1,1,1,0.0005,600,0.4,Adam
0.5733333333333334,0.27416666666666667,0.17337463190404362,E-CDE-VAE,100,1e-07,0.001,1,1,1,0.0005,600,0.4,Adam
0.4566666666666666,0.24261904761904762,0.11797619047619046,E-CDE-VAE,100,1e-07,0.001,1,1,1,0.0005,600,0.4,Adam
0.15666666666666662,0.13289682539682535,0.07251458916900089,E-CDE-VAE,100,1e-07,0.001,1,1,1,0.0005,600,0.4,Adam
-0.06666666666666665,-0.04583333333333331,0.016171809142010357,E-CDE-VAE,100,1e-07,0.001,1,1,1,0.0005,600,0.4,Adam
0.06666666666666654,0.06694444444444458,0.056190445476436146,E-CDE-VAE,100,1e-07,0.001,1,1,1,0.0005,600,0.4,Adam
0.04,0.07456349206349207,0.04588168775668777,E-CDE-VAE,100,1e-07,0.001,1,1,1,0.0005,600,0.4,Adam
-0.09000000000000008,-0.10956349206349203,-0.08822031619051762,E-CDE-VAE,100,1e-07,0.001,1,1,1,0.0005,600,0.4,Adam
0.4566666666666668,0.21583333333333338,0.04416772275711911,E-CDE-VAE,100,1e-07,0.001,1,1,1,0.0005,600,0.4,Adam
0.0,0.0,0.0027364484930274477,E-CDE-VAE,100,1e-07,0.001,1,1,1,0.0005,600,0.4,Adam
0.0,0.0,0.008270944741532671,E-CDE-VAE,100,1e-07,0.001,1,1,1,0.0005,600,0.4,Adam
0.09999999999999998,0.05682539682539667,0.06282143295301196,E-CDE-VAE,100,1e-07,0.001,1,1,1,0.0005,600,0.4,Adam
0.0,-0.06706349206349208,-0.02781279178338003,E-CDE-VAE,100,1e-07,0.001,1,1,1,0.0005,600,0.4,Adam
0.026666666666666505,0.0034920634920634352,0.059775625561229284,E-CDE-VAE,100,1e-07,0.001,1,1,1,0.0005,600,0.4,Adam
0.20666666666666678,0.10583333333333333,0.05157435916336839,E-CDE-VAE,100,1e-07,0.001,1,1,1,0.0005,600,0.4,Adam
-0.32666666666666666,-0.1198809523809522,-0.0752765290265291,E-CDE-VAE,100,1e-07,0.001,1,1,1,0.0005,600,0.4,Adam
-0.39000000000000007,-0.28067460317460313,-0.1830413489159619,E-CDE-VAE,100,1e-07,0.001,1,1,1,0.0005,600,0.4,Adam
0.0,0.021111111111111112,0.06497788460249762,E-CDE-VAE,100,1e-07,0.001,1,1,1,0.0005,600,0.4,Adam
-0.08999999999999997,-0.18412698412698414,-0.20094537901039444,E-CDE-VAE,100,1e-07,0.001,1,1,1,0.0005,600,0.4,Adam
-0.09000000000000008,-0.09261904761904771,-0.007358133137931766,E-CDE-VAE,100,1e-07,0.001,1,1,1,0.0005,600,0.4,Adam
0.0,0.0,-0.002631578947368421,E-CDE-VAE,100,1e-07,0.001,1,1,1,0.0005,600,0.4,Adam
0.5866666666666667,0.4224603174603173,0.29219721132840315,E-CDE-VAE,100,1e-07,0.001,1,1,1,0.0005,600,0.4,Adam
0.15666666666666662,0.07833333333333337,0.03880507865027988,E-CDE-VAE,100,1e-07,0.001,1,1,1,0.0005,600,0.4,Adam
0.0,0.0,0.0,E-CDE-VAE,100,1e-07,0.001,1,1,1,0.0005,600,0.4,Adam
0.04,0.08456349206349206,0.07554905470346646,E-CDE-VAE,100,1e-07,0.001,1,1,1,0.0005,600,0.4,Adam
0.0,0.0,0.0,E-CDE-VAE,100,1e-07,0.001,1,1,1,0.0005,600,0.4,Adam
0.2066666666666667,0.21150793650793648,0.1951104296460334,E-CDE-VAE,100,1e-07,0.001,1,1,1,0.0005,600,0.4,Adam
