model,rank,beta,lambda_l2,lambda_keyphrase,lambda_latent,lambda_rating,topK,learning_rate,epoch,corruption,optimizer,MAP@10,MAP@15,MAP@20,MAP@5,NDCG,Precision@10,Precision@15,Precision@20,Precision@5,R-Precision,Recall@10,Recall@15,Recall@20,Recall@5
E-CDE-VAE,200,0.0001,0.0001,0.0001,0.0001,1.0,,0.0001,300,0.3,Adam,"[0.8334, 0.0049]","[0.8194, 0.0047]","[0.8055, 0.0047]","[0.8476, 0.0055]","[0.5714, 0.0027]","[0.807, 0.0048]","[0.7812, 0.0049]","[0.7496, 0.0051]","[0.8351, 0.0051]","[0.4573, 0.0031]","[0.2735, 0.0027]","[0.3891, 0.0033]","[0.488, 0.0036]","[0.1444, 0.0018]"
E-CDE-VAE,200,0.0001,0.0001,0.0001,0.0001,1.0,,0.0005,300,0.3,Adam,"[0.4093, 0.0068]","[0.4372, 0.0062]","[0.4459, 0.0059]","[0.3127, 0.0078]","[0.3016, 0.002]","[0.5198, 0.0057]","[0.4922, 0.0054]","[0.4726, 0.0053]","[0.3666, 0.0073]","[0.2584, 0.0017]","[0.1559, 0.0013]","[0.2196, 0.0015]","[0.2788, 0.0017]","[0.0464, 0.0008]"
E-CDE-VAE,200,0.0001,0.0001,0.0001,0.0001,1.0,,0.001,300,0.3,Adam,"[0.4093, 0.0068]","[0.4372, 0.0062]","[0.4459, 0.0059]","[0.3127, 0.0078]","[0.3016, 0.002]","[0.5198, 0.0057]","[0.4922, 0.0054]","[0.4726, 0.0053]","[0.3666, 0.0073]","[0.2584, 0.0017]","[0.1559, 0.0013]","[0.2196, 0.0015]","[0.2788, 0.0017]","[0.0464, 0.0008]"
E-CDE-VAE,200,0.0001,0.0001,0.0001,0.001,1.0,,0.0001,300,0.3,Adam,"[0.7483, 0.0057]","[0.734, 0.0053]","[0.7213, 0.0051]","[0.7651, 0.0066]","[0.5061, 0.0024]","[0.7196, 0.0053]","[0.6957, 0.0052]","[0.6747, 0.0051]","[0.7488, 0.0059]","[0.4005, 0.0027]","[0.2362, 0.0023]","[0.3383, 0.0028]","[0.433, 0.0032]","[0.1246, 0.0015]"
E-CDE-VAE,200,0.0001,0.0001,0.0001,0.001,1.0,,0.0005,300,0.3,Adam,"[0.4093, 0.0068]","[0.4372, 0.0062]","[0.4459, 0.0059]","[0.3127, 0.0078]","[0.3016, 0.002]","[0.5198, 0.0057]","[0.4922, 0.0054]","[0.4726, 0.0053]","[0.3666, 0.0073]","[0.2584, 0.0017]","[0.1559, 0.0013]","[0.2196, 0.0015]","[0.2788, 0.0017]","[0.0464, 0.0008]"
E-CDE-VAE,200,0.0001,0.0001,0.0001,0.001,1.0,,0.001,300,0.3,Adam,"[0.4093, 0.0068]","[0.4372, 0.0062]","[0.4459, 0.0059]","[0.3127, 0.0078]","[0.3016, 0.002]","[0.5198, 0.0057]","[0.4922, 0.0054]","[0.4726, 0.0053]","[0.3666, 0.0073]","[0.2584, 0.0017]","[0.1559, 0.0013]","[0.2196, 0.0015]","[0.2788, 0.0017]","[0.0464, 0.0008]"
E-CDE-VAE,200,0.0001,0.0001,0.0001,0.01,1.0,,0.0001,300,0.3,Adam,"[0.6178, 0.0065]","[0.6068, 0.0061]","[0.5979, 0.0059]","[0.6331, 0.0076]","[0.4083, 0.0023]","[0.5934, 0.006]","[0.5794, 0.0058]","[0.5662, 0.0057]","[0.6162, 0.0068]","[0.3209, 0.0021]","[0.1838, 0.0017]","[0.2665, 0.002]","[0.3437, 0.0022]","[0.0971, 0.0013]"
E-CDE-VAE,200,0.0001,0.0001,0.0001,0.01,1.0,,0.0005,300,0.3,Adam,"[0.4093, 0.0068]","[0.4372, 0.0062]","[0.4459, 0.0059]","[0.3127, 0.0078]","[0.3016, 0.002]","[0.5198, 0.0057]","[0.4922, 0.0054]","[0.4726, 0.0053]","[0.3666, 0.0073]","[0.2584, 0.0017]","[0.1559, 0.0013]","[0.2196, 0.0015]","[0.2788, 0.0017]","[0.0464, 0.0008]"
E-CDE-VAE,200,0.0001,0.0001,0.0001,0.01,1.0,,0.001,300,0.3,Adam,"[0.4093, 0.0068]","[0.4372, 0.0062]","[0.4459, 0.0059]","[0.3127, 0.0078]","[0.3016, 0.002]","[0.5198, 0.0057]","[0.4922, 0.0054]","[0.4726, 0.0053]","[0.3666, 0.0073]","[0.2584, 0.0017]","[0.1559, 0.0013]","[0.2196, 0.0015]","[0.2788, 0.0017]","[0.0464, 0.0008]"
E-CDE-VAE,200,0.0001,0.0001,0.0001,0.1,1.0,,0.0001,300,0.3,Adam,"[0.4436, 0.0072]","[0.4448, 0.0067]","[0.446, 0.0065]","[0.442, 0.0082]","[0.2964, 0.0025]","[0.4457, 0.0066]","[0.4481, 0.0063]","[0.4508, 0.0061]","[0.4417, 0.0074]","[0.2368, 0.0018]","[0.125, 0.0013]","[0.1883, 0.0015]","[0.2532, 0.0017]","[0.0617, 0.001]"
E-CDE-VAE,200,0.0001,0.0001,0.0001,0.1,1.0,,0.0005,300,0.3,Adam,"[0.4093, 0.0068]","[0.4372, 0.0062]","[0.4459, 0.0059]","[0.3127, 0.0078]","[0.3016, 0.002]","[0.5198, 0.0057]","[0.4922, 0.0054]","[0.4726, 0.0053]","[0.3666, 0.0073]","[0.2584, 0.0017]","[0.1559, 0.0013]","[0.2196, 0.0015]","[0.2788, 0.0017]","[0.0464, 0.0008]"
E-CDE-VAE,200,0.0001,0.0001,0.0001,0.1,1.0,,0.001,300,0.3,Adam,"[0.4093, 0.0068]","[0.4372, 0.0062]","[0.4459, 0.0059]","[0.3127, 0.0078]","[0.3016, 0.002]","[0.5198, 0.0057]","[0.4922, 0.0054]","[0.4726, 0.0053]","[0.3666, 0.0073]","[0.2584, 0.0017]","[0.1559, 0.0013]","[0.2196, 0.0015]","[0.2788, 0.0017]","[0.0464, 0.0008]"
E-CDE-VAE,200,0.0001,0.0001,0.0001,1.0,1.0,,0.0001,300,0.3,Adam,"[0.3991, 0.0066]","[0.419, 0.0063]","[0.4285, 0.0062]","[0.3536, 0.0073]","[0.2856, 0.0023]","[0.4559, 0.0065]","[0.4589, 0.0063]","[0.455, 0.0061]","[0.4145, 0.007]","[0.2384, 0.0018]","[0.1274, 0.0013]","[0.1922, 0.0015]","[0.2536, 0.0016]","[0.057, 0.0009]"
E-CDE-VAE,200,0.0001,0.0001,0.0001,1.0,1.0,,0.0005,300,0.3,Adam,"[0.2795, 0.006]","[0.3121, 0.0061]","[0.3338, 0.0061]","[0.2215, 0.006]","[0.2292, 0.0025]","[0.3581, 0.0066]","[0.3874, 0.0064]","[0.4054, 0.0063]","[0.3125, 0.0068]","[0.2007, 0.002]","[0.0911, 0.0012]","[0.1516, 0.0015]","[0.2149, 0.0018]","[0.0388, 0.0008]"
E-CDE-VAE,200,0.0001,0.0001,0.0001,1.0,1.0,,0.001,300,0.3,Adam,"[0.4093, 0.0068]","[0.4372, 0.0062]","[0.4459, 0.0059]","[0.3127, 0.0078]","[0.3016, 0.002]","[0.5198, 0.0057]","[0.4922, 0.0054]","[0.4726, 0.0053]","[0.3666, 0.0073]","[0.2584, 0.0017]","[0.1559, 0.0013]","[0.2196, 0.0015]","[0.2788, 0.0017]","[0.0464, 0.0008]"
E-CDE-VAE,200,0.0001,0.0001,0.001,0.0001,1.0,,0.0001,300,0.3,Adam,"[0.87, 0.0044]","[0.8497, 0.0044]","[0.8319, 0.0045]","[0.895, 0.0047]","[0.5874, 0.0027]","[0.8287, 0.0048]","[0.7963, 0.005]","[0.7631, 0.0053]","[0.8712, 0.0048]","[0.4642, 0.0031]","[0.2805, 0.0027]","[0.395, 0.0033]","[0.4941, 0.0036]","[0.1517, 0.0018]"
E-CDE-VAE,200,0.0001,0.0001,0.001,0.0001,1.0,,0.0005,300,0.3,Adam,"[0.8717, 0.0044]","[0.8515, 0.0044]","[0.8336, 0.0045]","[0.8968, 0.0047]","[0.5883, 0.0027]","[0.8305, 0.0048]","[0.7975, 0.005]","[0.7647, 0.0053]","[0.8716, 0.0048]","[0.4648, 0.003]","[0.2809, 0.0027]","[0.3953, 0.0033]","[0.4945, 0.0035]","[0.1518, 0.0018]"
E-CDE-VAE,200,0.0001,0.0001,0.001,0.0001,1.0,,0.001,300,0.3,Adam,"[0.4093, 0.0068]","[0.4372, 0.0062]","[0.4459, 0.0059]","[0.3127, 0.0078]","[0.3016, 0.002]","[0.5198, 0.0057]","[0.4922, 0.0054]","[0.4726, 0.0053]","[0.3666, 0.0073]","[0.2584, 0.0017]","[0.1559, 0.0013]","[0.2196, 0.0015]","[0.2788, 0.0017]","[0.0464, 0.0008]"
E-CDE-VAE,200,0.0001,0.0001,0.001,0.001,1.0,,0.0001,300,0.3,Adam,"[0.8351, 0.0049]","[0.8209, 0.0047]","[0.8069, 0.0047]","[0.8531, 0.0055]","[0.5722, 0.0027]","[0.806, 0.0049]","[0.7824, 0.0049]","[0.7509, 0.0051]","[0.8362, 0.0051]","[0.4567, 0.0031]","[0.2717, 0.0027]","[0.3893, 0.0033]","[0.4881, 0.0036]","[0.144, 0.0017]"
E-CDE-VAE,200,0.0001,0.0001,0.001,0.001,1.0,,0.0005,300,0.3,Adam,"[0.4093, 0.0068]","[0.4372, 0.0062]","[0.4459, 0.0059]","[0.3127, 0.0078]","[0.3016, 0.002]","[0.5198, 0.0057]","[0.4922, 0.0054]","[0.4726, 0.0053]","[0.3666, 0.0073]","[0.2584, 0.0017]","[0.1559, 0.0013]","[0.2196, 0.0015]","[0.2788, 0.0017]","[0.0464, 0.0008]"
E-CDE-VAE,200,0.0001,0.0001,0.001,0.001,1.0,,0.001,300,0.3,Adam,"[0.4093, 0.0068]","[0.4372, 0.0062]","[0.4459, 0.0059]","[0.3127, 0.0078]","[0.3016, 0.002]","[0.5198, 0.0057]","[0.4922, 0.0054]","[0.4726, 0.0053]","[0.3666, 0.0073]","[0.2584, 0.0017]","[0.1559, 0.0013]","[0.2196, 0.0015]","[0.2788, 0.0017]","[0.0464, 0.0008]"
E-CDE-VAE,200,0.0001,0.0001,0.001,0.01,1.0,,0.0001,300,0.3,Adam,"[0.7405, 0.0057]","[0.7287, 0.0053]","[0.7176, 0.0052]","[0.753, 0.0067]","[0.5054, 0.0025]","[0.7181, 0.0053]","[0.697, 0.0051]","[0.6754, 0.005]","[0.7435, 0.006]","[0.4024, 0.0027]","[0.2364, 0.0023]","[0.3404, 0.0029]","[0.4353, 0.0033]","[0.1237, 0.0015]"
E-CDE-VAE,200,0.0001,0.0001,0.001,0.01,1.0,,0.0005,300,0.3,Adam,"[0.4093, 0.0068]","[0.4372, 0.0062]","[0.4459, 0.0059]","[0.3127, 0.0078]","[0.3016, 0.002]","[0.5198, 0.0057]","[0.4922, 0.0054]","[0.4726, 0.0053]","[0.3666, 0.0073]","[0.2584, 0.0017]","[0.1559, 0.0013]","[0.2196, 0.0015]","[0.2788, 0.0017]","[0.0464, 0.0008]"
E-CDE-VAE,200,0.0001,0.0001,0.001,0.01,1.0,,0.001,300,0.3,Adam,"[0.4093, 0.0068]","[0.4372, 0.0062]","[0.4459, 0.0059]","[0.3127, 0.0078]","[0.3016, 0.002]","[0.5198, 0.0057]","[0.4922, 0.0054]","[0.4726, 0.0053]","[0.3666, 0.0073]","[0.2584, 0.0017]","[0.1559, 0.0013]","[0.2196, 0.0015]","[0.2788, 0.0017]","[0.0464, 0.0008]"
E-CDE-VAE,200,0.0001,0.0001,0.001,0.1,1.0,,0.0001,300,0.3,Adam,"[0.6186, 0.0065]","[0.6088, 0.0061]","[0.6007, 0.0059]","[0.6323, 0.0076]","[0.4114, 0.0023]","[0.5984, 0.006]","[0.5835, 0.0057]","[0.5716, 0.0056]","[0.6173, 0.0068]","[0.3244, 0.0021]","[0.186, 0.0017]","[0.2693, 0.0021]","[0.3486, 0.0023]","[0.097, 0.0013]"
E-CDE-VAE,200,0.0001,0.0001,0.001,0.1,1.0,,0.0005,300,0.3,Adam,"[0.4093, 0.0068]","[0.4372, 0.0062]","[0.4459, 0.0059]","[0.3127, 0.0078]","[0.3016, 0.002]","[0.5198, 0.0057]","[0.4922, 0.0054]","[0.4726, 0.0053]","[0.3666, 0.0073]","[0.2584, 0.0017]","[0.1559, 0.0013]","[0.2196, 0.0015]","[0.2788, 0.0017]","[0.0464, 0.0008]"
E-CDE-VAE,200,0.0001,0.0001,0.001,0.1,1.0,,0.001,300,0.3,Adam,"[0.4093, 0.0068]","[0.4372, 0.0062]","[0.4459, 0.0059]","[0.3127, 0.0078]","[0.3016, 0.002]","[0.5198, 0.0057]","[0.4922, 0.0054]","[0.4726, 0.0053]","[0.3666, 0.0073]","[0.2584, 0.0017]","[0.1559, 0.0013]","[0.2196, 0.0015]","[0.2788, 0.0017]","[0.0464, 0.0008]"
E-CDE-VAE,200,0.0001,0.0001,0.001,1.0,1.0,,0.0001,300,0.3,Adam,"[0.5281, 0.0069]","[0.5197, 0.0065]","[0.5137, 0.0063]","[0.5404, 0.008]","[0.3406, 0.0023]","[0.5094, 0.0064]","[0.4996, 0.0061]","[0.4928, 0.006]","[0.5285, 0.0072]","[0.2664, 0.0018]","[0.1488, 0.0014]","[0.2171, 0.0016]","[0.2838, 0.0017]","[0.0782, 0.0011]"
E-CDE-VAE,200,0.0001,0.0001,0.001,1.0,1.0,,0.0005,300,0.3,Adam,"[0.4796, 0.0069]","[0.479, 0.0065]","[0.4826, 0.0063]","[0.4978, 0.008]","[0.3302, 0.0022]","[0.4737, 0.0063]","[0.4833, 0.006]","[0.4933, 0.006]","[0.4472, 0.0071]","[0.2633, 0.0018]","[0.135, 0.0012]","[0.2075, 0.0014]","[0.2841, 0.0016]","[0.0621, 0.0009]"
E-CDE-VAE,200,0.0001,0.0001,0.001,1.0,1.0,,0.001,300,0.3,Adam,"[0.4093, 0.0068]","[0.4372, 0.0062]","[0.4459, 0.0059]","[0.3127, 0.0078]","[0.3016, 0.002]","[0.5198, 0.0057]","[0.4922, 0.0054]","[0.4726, 0.0053]","[0.3666, 0.0073]","[0.2584, 0.0017]","[0.1559, 0.0013]","[0.2196, 0.0015]","[0.2788, 0.0017]","[0.0464, 0.0008]"
E-CDE-VAE,200,0.0001,0.0001,0.01,0.0001,1.0,,0.0001,300,0.3,Adam,"[0.869, 0.0044]","[0.849, 0.0044]","[0.8312, 0.0045]","[0.8935, 0.0047]","[0.5879, 0.0027]","[0.8279, 0.0048]","[0.7951, 0.005]","[0.7631, 0.0052]","[0.8686, 0.0048]","[0.4651, 0.0031]","[0.2808, 0.0027]","[0.3948, 0.0033]","[0.4947, 0.0036]","[0.1515, 0.0018]"
E-CDE-VAE,200,0.0001,0.0001,0.01,0.0001,1.0,,0.0005,300,0.3,Adam,"[0.4093, 0.0068]","[0.4372, 0.0062]","[0.4459, 0.0059]","[0.3127, 0.0078]","[0.3016, 0.002]","[0.5198, 0.0057]","[0.4922, 0.0054]","[0.4726, 0.0053]","[0.3666, 0.0073]","[0.2584, 0.0017]","[0.1559, 0.0013]","[0.2196, 0.0015]","[0.2788, 0.0017]","[0.0464, 0.0008]"
E-CDE-VAE,200,0.0001,0.0001,0.01,0.0001,1.0,,0.001,300,0.3,Adam,"[0.4093, 0.0068]","[0.4372, 0.0062]","[0.4459, 0.0059]","[0.3127, 0.0078]","[0.3016, 0.002]","[0.5198, 0.0057]","[0.4922, 0.0054]","[0.4726, 0.0053]","[0.3666, 0.0073]","[0.2584, 0.0017]","[0.1559, 0.0013]","[0.2196, 0.0015]","[0.2788, 0.0017]","[0.0464, 0.0008]"
E-CDE-VAE,200,0.0001,0.0001,0.01,0.001,1.0,,0.0001,300,0.3,Adam,"[0.8669, 0.0044]","[0.8469, 0.0044]","[0.8294, 0.0045]","[0.8918, 0.0048]","[0.5866, 0.0027]","[0.827, 0.0047]","[0.7944, 0.005]","[0.762, 0.0052]","[0.8673, 0.0048]","[0.4636, 0.0031]","[0.2808, 0.0027]","[0.3947, 0.0033]","[0.4941, 0.0036]","[0.1513, 0.0018]"
E-CDE-VAE,200,0.0001,0.0001,0.01,0.001,1.0,,0.0005,300,0.3,Adam,"[0.4093, 0.0068]","[0.4372, 0.0062]","[0.4459, 0.0059]","[0.3127, 0.0078]","[0.3016, 0.002]","[0.5198, 0.0057]","[0.4922, 0.0054]","[0.4726, 0.0053]","[0.3666, 0.0073]","[0.2584, 0.0017]","[0.1559, 0.0013]","[0.2196, 0.0015]","[0.2788, 0.0017]","[0.0464, 0.0008]"
E-CDE-VAE,200,0.0001,0.0001,0.01,0.001,1.0,,0.001,300,0.3,Adam,"[0.4093, 0.0068]","[0.4372, 0.0062]","[0.4459, 0.0059]","[0.3127, 0.0078]","[0.3016, 0.002]","[0.5198, 0.0057]","[0.4922, 0.0054]","[0.4726, 0.0053]","[0.3666, 0.0073]","[0.2584, 0.0017]","[0.1559, 0.0013]","[0.2196, 0.0015]","[0.2788, 0.0017]","[0.0464, 0.0008]"
E-CDE-VAE,200,0.0001,0.0001,0.01,0.01,1.0,,0.0001,300,0.3,Adam,"[0.8335, 0.005]","[0.8188, 0.0048]","[0.8048, 0.0047]","[0.8493, 0.0056]","[0.5711, 0.0028]","[0.8052, 0.0049]","[0.7793, 0.0049]","[0.7491, 0.0051]","[0.8373, 0.0052]","[0.4561, 0.0031]","[0.2721, 0.0027]","[0.3882, 0.0033]","[0.4877, 0.0036]","[0.1447, 0.0018]"
E-CDE-VAE,200,0.0001,0.0001,0.01,0.01,1.0,,0.0005,300,0.3,Adam,"[0.4093, 0.0068]","[0.4372, 0.0062]","[0.4459, 0.0059]","[0.3127, 0.0078]","[0.3016, 0.002]","[0.5198, 0.0057]","[0.4922, 0.0054]","[0.4726, 0.0053]","[0.3666, 0.0073]","[0.2584, 0.0017]","[0.1559, 0.0013]","[0.2196, 0.0015]","[0.2788, 0.0017]","[0.0464, 0.0008]"
E-CDE-VAE,200,0.0001,0.0001,0.01,0.01,1.0,,0.001,300,0.3,Adam,"[0.4093, 0.0068]","[0.4372, 0.0062]","[0.4459, 0.0059]","[0.3127, 0.0078]","[0.3016, 0.002]","[0.5198, 0.0057]","[0.4922, 0.0054]","[0.4726, 0.0053]","[0.3666, 0.0073]","[0.2584, 0.0017]","[0.1559, 0.0013]","[0.2196, 0.0015]","[0.2788, 0.0017]","[0.0464, 0.0008]"
E-CDE-VAE,200,0.0001,0.0001,0.01,0.1,1.0,,0.0001,300,0.3,Adam,"[0.7614, 0.0055]","[0.751, 0.0051]","[0.7393, 0.0049]","[0.7713, 0.0065]","[0.5236, 0.0027]","[0.7428, 0.005]","[0.7213, 0.0049]","[0.6932, 0.0049]","[0.7639, 0.0058]","[0.4196, 0.003]","[0.2492, 0.0025]","[0.3585, 0.0032]","[0.4512, 0.0035]","[0.1297, 0.0016]"
E-CDE-VAE,200,0.0001,0.0001,0.01,0.1,1.0,,0.0005,300,0.3,Adam,"[0.4093, 0.0068]","[0.4372, 0.0062]","[0.4459, 0.0059]","[0.3127, 0.0078]","[0.3016, 0.002]","[0.5198, 0.0057]","[0.4922, 0.0054]","[0.4726, 0.0053]","[0.3666, 0.0073]","[0.2584, 0.0017]","[0.1559, 0.0013]","[0.2196, 0.0015]","[0.2788, 0.0017]","[0.0464, 0.0008]"
E-CDE-VAE,200,0.0001,0.0001,0.01,0.1,1.0,,0.001,300,0.3,Adam,"[0.4093, 0.0068]","[0.4372, 0.0062]","[0.4459, 0.0059]","[0.3127, 0.0078]","[0.3016, 0.002]","[0.5198, 0.0057]","[0.4922, 0.0054]","[0.4726, 0.0053]","[0.3666, 0.0073]","[0.2584, 0.0017]","[0.1559, 0.0013]","[0.2196, 0.0015]","[0.2788, 0.0017]","[0.0464, 0.0008]"
E-CDE-VAE,200,0.0001,0.0001,0.01,1.0,1.0,,0.0001,300,0.3,Adam,"[0.6593, 0.0064]","[0.6492, 0.006]","[0.6403, 0.0057]","[0.6713, 0.0075]","[0.4421, 0.0024]","[0.6386, 0.0059]","[0.6229, 0.0056]","[0.6072, 0.0055]","[0.6599, 0.0067]","[0.3499, 0.0023]","[0.2019, 0.0019]","[0.2919, 0.0023]","[0.3764, 0.0026]","[0.1055, 0.0013]"
E-CDE-VAE,200,0.0001,0.0001,0.01,1.0,1.0,,0.0005,300,0.3,Adam,"[0.748, 0.0055]","[0.728, 0.0052]","[0.7121, 0.005]","[0.7755, 0.0063]","[0.5005, 0.0027]","[0.7045, 0.0052]","[0.678, 0.0049]","[0.6553, 0.0048]","[0.7509, 0.0059]","[0.393, 0.0029]","[0.2336, 0.0024]","[0.335, 0.0031]","[0.4273, 0.0035]","[0.1256, 0.0015]"
E-CDE-VAE,200,0.0001,0.0001,0.01,1.0,1.0,,0.001,300,0.3,Adam,"[0.7577, 0.0054]","[0.7224, 0.0051]","[0.7004, 0.005]","[0.803, 0.0063]","[0.4872, 0.0025]","[0.6807, 0.0052]","[0.6407, 0.005]","[0.6315, 0.005]","[0.7678, 0.0059]","[0.3763, 0.0027]","[0.2261, 0.0024]","[0.3146, 0.003]","[0.4065, 0.0032]","[0.1286, 0.0016]"
E-CDE-VAE,200,0.0001,0.0001,0.1,0.0001,1.0,,0.0001,300,0.3,Adam,"[0.8539, 0.0045]","[0.8363, 0.0043]","[0.8203, 0.0044]","[0.8741, 0.005]","[0.5842, 0.0028]","[0.8189, 0.0047]","[0.7883, 0.0049]","[0.7593, 0.0051]","[0.8528, 0.0049]","[0.4637, 0.0031]","[0.2793, 0.0028]","[0.3931, 0.0034]","[0.494, 0.0036]","[0.1499, 0.0018]"
E-CDE-VAE,200,0.0001,0.0001,0.1,0.0001,1.0,,0.0005,300,0.3,Adam,"[0.7575, 0.0051]","[0.754, 0.0046]","[0.7478, 0.0044]","[0.7566, 0.0064]","[0.5449, 0.003]","[0.7553, 0.0045]","[0.7407, 0.0045]","[0.7212, 0.0047]","[0.7619, 0.0054]","[0.4434, 0.0032]","[0.2616, 0.0029]","[0.3749, 0.0035]","[0.475, 0.0038]","[0.1359, 0.0019]"
E-CDE-VAE,200,0.0001,0.0001,0.1,0.0001,1.0,,0.001,300,0.3,Adam,"[0.4093, 0.0068]","[0.4372, 0.0062]","[0.4459, 0.0059]","[0.3127, 0.0078]","[0.3016, 0.002]","[0.5198, 0.0057]","[0.4922, 0.0054]","[0.4726, 0.0053]","[0.3666, 0.0073]","[0.2584, 0.0017]","[0.1559, 0.0013]","[0.2196, 0.0015]","[0.2788, 0.0017]","[0.0464, 0.0008]"
E-CDE-VAE,200,0.0001,0.0001,0.1,0.001,1.0,,0.0001,300,0.3,Adam,"[0.853, 0.0045]","[0.835, 0.0044]","[0.8189, 0.0044]","[0.8736, 0.005]","[0.5837, 0.0029]","[0.8175, 0.0047]","[0.7861, 0.0049]","[0.7577, 0.0051]","[0.8532, 0.0049]","[0.463, 0.0031]","[0.2791, 0.0028]","[0.3924, 0.0034]","[0.4939, 0.0037]","[0.15, 0.0018]"
E-CDE-VAE,200,0.0001,0.0001,0.1,0.001,1.0,,0.0005,300,0.3,Adam,"[0.767, 0.0051]","[0.7619, 0.0046]","[0.7546, 0.0044]","[0.7668, 0.0063]","[0.5486, 0.0031]","[0.7626, 0.0045]","[0.7442, 0.0045]","[0.7236, 0.0047]","[0.7714, 0.0053]","[0.4451, 0.0032]","[0.2645, 0.003]","[0.3764, 0.0035]","[0.4763, 0.0038]","[0.1381, 0.0019]"
E-CDE-VAE,200,0.0001,0.0001,0.1,0.001,1.0,,0.001,300,0.3,Adam,"[0.4093, 0.0068]","[0.4372, 0.0062]","[0.4459, 0.0059]","[0.3127, 0.0078]","[0.3016, 0.002]","[0.5198, 0.0057]","[0.4922, 0.0054]","[0.4726, 0.0053]","[0.3666, 0.0073]","[0.2584, 0.0017]","[0.1559, 0.0013]","[0.2196, 0.0015]","[0.2788, 0.0017]","[0.0464, 0.0008]"
E-CDE-VAE,200,0.0001,0.0001,0.1,0.01,1.0,,0.0001,300,0.3,Adam,"[0.8564, 0.0045]","[0.8386, 0.0045]","[0.8223, 0.0045]","[0.8771, 0.005]","[0.5838, 0.0028]","[0.8227, 0.0048]","[0.7905, 0.005]","[0.7595, 0.0052]","[0.8591, 0.0049]","[0.4633, 0.0031]","[0.2796, 0.0027]","[0.3937, 0.0034]","[0.4937, 0.0036]","[0.1503, 0.0018]"
E-CDE-VAE,200,0.0001,0.0001,0.1,0.01,1.0,,0.0005,300,0.3,Adam,"[0.7622, 0.0051]","[0.7574, 0.0046]","[0.7506, 0.0044]","[0.7637, 0.0062]","[0.5464, 0.003]","[0.7572, 0.0045]","[0.741, 0.0045]","[0.7225, 0.0047]","[0.7645, 0.0054]","[0.4438, 0.0032]","[0.262, 0.0029]","[0.3743, 0.0035]","[0.4754, 0.0038]","[0.1364, 0.0019]"
E-CDE-VAE,200,0.0001,0.0001,0.1,0.01,1.0,,0.001,300,0.3,Adam,"[0.4093, 0.0068]","[0.4372, 0.0062]","[0.4459, 0.0059]","[0.3127, 0.0078]","[0.3016, 0.002]","[0.5198, 0.0057]","[0.4922, 0.0054]","[0.4726, 0.0053]","[0.3666, 0.0073]","[0.2584, 0.0017]","[0.1559, 0.0013]","[0.2196, 0.0015]","[0.2788, 0.0017]","[0.0464, 0.0008]"
E-CDE-VAE,200,0.0001,0.0001,0.1,0.1,1.0,,0.0001,300,0.3,Adam,"[0.8398, 0.0047]","[0.8241, 0.0046]","[0.8092, 0.0045]","[0.8562, 0.0054]","[0.576, 0.0029]","[0.8108, 0.0047]","[0.7817, 0.0049]","[0.7517, 0.0051]","[0.8422, 0.005]","[0.4591, 0.0032]","[0.2765, 0.0028]","[0.3903, 0.0034]","[0.4901, 0.0037]","[0.1475, 0.0018]"
E-CDE-VAE,200,0.0001,0.0001,0.1,0.1,1.0,,0.0005,300,0.3,Adam,"[0.7843, 0.0052]","[0.7756, 0.0049]","[0.7661, 0.0047]","[0.7921, 0.0062]","[0.5492, 0.0028]","[0.7693, 0.0048]","[0.751, 0.0047]","[0.7273, 0.0049]","[0.7869, 0.0055]","[0.4438, 0.0031]","[0.2616, 0.0028]","[0.3764, 0.0034]","[0.4762, 0.0037]","[0.1363, 0.0018]"
E-CDE-VAE,200,0.0001,0.0001,0.1,0.1,1.0,,0.001,300,0.3,Adam,"[0.4093, 0.0068]","[0.4372, 0.0062]","[0.4459, 0.0059]","[0.3127, 0.0078]","[0.3016, 0.002]","[0.5198, 0.0057]","[0.4922, 0.0054]","[0.4726, 0.0053]","[0.3666, 0.0073]","[0.2584, 0.0017]","[0.1559, 0.0013]","[0.2196, 0.0015]","[0.2788, 0.0017]","[0.0464, 0.0008]"
E-CDE-VAE,200,0.0001,0.0001,0.1,1.0,1.0,,0.0001,300,0.3,Adam,"[0.7605, 0.0056]","[0.7538, 0.0052]","[0.7451, 0.005]","[0.7665, 0.0066]","[0.5325, 0.0028]","[0.7496, 0.0051]","[0.7332, 0.0049]","[0.7079, 0.0049]","[0.7606, 0.0059]","[0.4304, 0.0032]","[0.2522, 0.0026]","[0.3662, 0.0033]","[0.4635, 0.0037]","[0.1287, 0.0016]"
E-CDE-VAE,200,0.0001,0.0001,0.1,1.0,1.0,,0.0005,300,0.3,Adam,"[0.8076, 0.0049]","[0.7927, 0.0047]","[0.7794, 0.0046]","[0.8273, 0.0056]","[0.5582, 0.0029]","[0.7764, 0.0049]","[0.7537, 0.0048]","[0.7289, 0.0049]","[0.806, 0.0053]","[0.4451, 0.0032]","[0.2629, 0.0026]","[0.377, 0.0034]","[0.4781, 0.0037]","[0.1395, 0.0017]"
E-CDE-VAE,200,0.0001,0.0001,0.1,1.0,1.0,,0.001,300,0.3,Adam,"[0.804, 0.0052]","[0.792, 0.0049]","[0.7795, 0.0048]","[0.8157, 0.006]","[0.5559, 0.003]","[0.7825, 0.0049]","[0.7589, 0.0048]","[0.7284, 0.005]","[0.8066, 0.0055]","[0.4466, 0.0033]","[0.2668, 0.0028]","[0.3814, 0.0034]","[0.4785, 0.0038]","[0.1395, 0.0017]"
E-CDE-VAE,200,0.0001,0.0001,1.0,0.0001,1.0,,0.0001,300,0.3,Adam,"[0.8504, 0.0044]","[0.833, 0.0043]","[0.8175, 0.0043]","[0.8707, 0.005]","[0.5831, 0.0029]","[0.8165, 0.0046]","[0.7863, 0.0049]","[0.7581, 0.0051]","[0.8493, 0.0049]","[0.4632, 0.0031]","[0.2793, 0.0028]","[0.3925, 0.0034]","[0.4936, 0.0037]","[0.1495, 0.0019]"
E-CDE-VAE,200,0.0001,0.0001,1.0,0.0001,1.0,,0.0005,300,0.3,Adam,"[0.7224, 0.0054]","[0.7231, 0.0049]","[0.7203, 0.0046]","[0.7151, 0.0067]","[0.5263, 0.003]","[0.7301, 0.0046]","[0.7204, 0.0045]","[0.7052, 0.0047]","[0.7264, 0.0057]","[0.4322, 0.0031]","[0.252, 0.0029]","[0.3637, 0.0035]","[0.4648, 0.0038]","[0.1281, 0.0018]"
E-CDE-VAE,200,0.0001,0.0001,1.0,0.0001,1.0,,0.001,300,0.3,Adam,"[0.7031, 0.0055]","[0.7062, 0.0049]","[0.7053, 0.0047]","[0.6947, 0.0068]","[0.5173, 0.003]","[0.7145, 0.0047]","[0.7098, 0.0046]","[0.697, 0.0047]","[0.7053, 0.0057]","[0.4254, 0.0031]","[0.2456, 0.0028]","[0.3579, 0.0035]","[0.4589, 0.0038]","[0.1241, 0.0018]"
E-CDE-VAE,200,0.0001,0.0001,1.0,0.001,1.0,,0.0001,300,0.3,Adam,"[0.8519, 0.0045]","[0.8345, 0.0043]","[0.8189, 0.0044]","[0.872, 0.005]","[0.5837, 0.0028]","[0.8176, 0.0046]","[0.7875, 0.0049]","[0.7591, 0.0051]","[0.8511, 0.0048]","[0.4638, 0.0031]","[0.2792, 0.0028]","[0.3928, 0.0034]","[0.4941, 0.0036]","[0.1497, 0.0018]"
E-CDE-VAE,200,0.0001,0.0001,1.0,0.001,1.0,,0.0005,300,0.3,Adam,"[0.7245, 0.0054]","[0.7245, 0.0048]","[0.7212, 0.0046]","[0.7185, 0.0067]","[0.5269, 0.003]","[0.7291, 0.0046]","[0.7201, 0.0045]","[0.7052, 0.0047]","[0.7284, 0.0056]","[0.4317, 0.0031]","[0.2514, 0.0029]","[0.364, 0.0035]","[0.4646, 0.0038]","[0.1286, 0.0019]"
E-CDE-VAE,200,0.0001,0.0001,1.0,0.001,1.0,,0.001,300,0.3,Adam,"[0.7003, 0.0055]","[0.7048, 0.005]","[0.7046, 0.0047]","[0.6898, 0.0069]","[0.5164, 0.0029]","[0.7142, 0.0048]","[0.7112, 0.0046]","[0.6988, 0.0047]","[0.7008, 0.0058]","[0.4262, 0.0031]","[0.2448, 0.0028]","[0.358, 0.0034]","[0.4597, 0.0038]","[0.1221, 0.0018]"
E-CDE-VAE,200,0.0001,0.0001,1.0,0.01,1.0,,0.0001,300,0.3,Adam,"[0.8484, 0.0045]","[0.8312, 0.0044]","[0.8157, 0.0044]","[0.868, 0.0051]","[0.5823, 0.0029]","[0.815, 0.0046]","[0.7843, 0.0049]","[0.7567, 0.0051]","[0.8477, 0.0049]","[0.4628, 0.0031]","[0.279, 0.0028]","[0.3918, 0.0034]","[0.4933, 0.0037]","[0.1493, 0.0018]"
E-CDE-VAE,200,0.0001,0.0001,1.0,0.01,1.0,,0.0005,300,0.3,Adam,"[0.7135, 0.0055]","[0.7166, 0.0049]","[0.7153, 0.0046]","[0.7034, 0.0069]","[0.5243, 0.003]","[0.7247, 0.0046]","[0.7199, 0.0045]","[0.7046, 0.0046]","[0.7173, 0.0057]","[0.4331, 0.0032]","[0.2506, 0.0029]","[0.3651, 0.0036]","[0.4653, 0.0039]","[0.1265, 0.0019]"
E-CDE-VAE,200,0.0001,0.0001,1.0,0.01,1.0,,0.001,300,0.3,Adam,"[0.6912, 0.0056]","[0.6964, 0.005]","[0.6971, 0.0047]","[0.678, 0.007]","[0.512, 0.003]","[0.7075, 0.0047]","[0.705, 0.0045]","[0.6938, 0.0046]","[0.6954, 0.0058]","[0.4236, 0.0031]","[0.243, 0.0028]","[0.3564, 0.0035]","[0.4575, 0.0038]","[0.1212, 0.0017]"
E-CDE-VAE,200,0.0001,0.0001,1.0,0.1,1.0,,0.0001,300,0.3,Adam,"[0.8547, 0.0045]","[0.8368, 0.0044]","[0.8208, 0.0045]","[0.8759, 0.005]","[0.5844, 0.0028]","[0.8204, 0.0047]","[0.789, 0.005]","[0.7598, 0.0052]","[0.8543, 0.0049]","[0.4635, 0.0031]","[0.2801, 0.0028]","[0.393, 0.0034]","[0.4946, 0.0037]","[0.1502, 0.0019]"
E-CDE-VAE,200,0.0001,0.0001,1.0,0.1,1.0,,0.0005,300,0.3,Adam,"[0.7207, 0.0054]","[0.7209, 0.0049]","[0.718, 0.0046]","[0.7157, 0.0067]","[0.5255, 0.003]","[0.7264, 0.0047]","[0.7177, 0.0046]","[0.7028, 0.0047]","[0.7239, 0.0057]","[0.4312, 0.0032]","[0.2511, 0.0029]","[0.3634, 0.0035]","[0.4635, 0.0038]","[0.1277, 0.0018]"
E-CDE-VAE,200,0.0001,0.0001,1.0,0.1,1.0,,0.001,300,0.3,Adam,"[0.7018, 0.0057]","[0.7048, 0.0051]","[0.7039, 0.0048]","[0.6928, 0.007]","[0.5147, 0.0029]","[0.7128, 0.0048]","[0.709, 0.0046]","[0.6953, 0.0047]","[0.7038, 0.0059]","[0.424, 0.0031]","[0.2441, 0.0028]","[0.3571, 0.0035]","[0.4571, 0.0038]","[0.1227, 0.0018]"
E-CDE-VAE,200,0.0001,0.0001,1.0,1.0,1.0,,0.0001,300,0.3,Adam,"[0.8407, 0.0047]","[0.8243, 0.0045]","[0.8092, 0.0045]","[0.8589, 0.0054]","[0.5774, 0.0029]","[0.8099, 0.0047]","[0.7794, 0.0049]","[0.7507, 0.005]","[0.8415, 0.0051]","[0.4596, 0.0032]","[0.2774, 0.0028]","[0.39, 0.0034]","[0.4907, 0.0037]","[0.1482, 0.0019]"
E-CDE-VAE,200,0.0001,0.0001,1.0,1.0,1.0,,0.0005,300,0.3,Adam,"[0.7501, 0.0053]","[0.745, 0.0049]","[0.7386, 0.0046]","[0.7539, 0.0065]","[0.538, 0.0031]","[0.7422, 0.0048]","[0.7295, 0.0046]","[0.7117, 0.0047]","[0.7516, 0.0056]","[0.4374, 0.0032]","[0.2554, 0.0028]","[0.3693, 0.0035]","[0.4706, 0.0039]","[0.132, 0.0018]"
E-CDE-VAE,200,0.0001,0.0001,1.0,1.0,1.0,,0.001,300,0.3,Adam,"[0.7458, 0.0052]","[0.7383, 0.0048]","[0.7319, 0.0046]","[0.758, 0.0062]","[0.5341, 0.0029]","[0.7292, 0.0049]","[0.7192, 0.0047]","[0.7073, 0.0048]","[0.7449, 0.0055]","[0.4303, 0.0031]","[0.2478, 0.0027]","[0.361, 0.0034]","[0.4654, 0.0038]","[0.1299, 0.0018]"
E-CDE-VAE,200,0.0001,0.001,0.0001,0.0001,1.0,,0.0001,300,0.3,Adam,"[0.8718, 0.0044]","[0.8507, 0.0044]","[0.8324, 0.0045]","[0.8984, 0.0047]","[0.5871, 0.0027]","[0.8275, 0.0048]","[0.7952, 0.005]","[0.7618, 0.0053]","[0.8725, 0.0048]","[0.4636, 0.0031]","[0.2798, 0.0027]","[0.3946, 0.0033]","[0.4932, 0.0036]","[0.1518, 0.0018]"
E-CDE-VAE,200,0.0001,0.001,0.0001,0.0001,1.0,,0.0005,300,0.3,Adam,"[0.8785, 0.0044]","[0.8579, 0.0044]","[0.8395, 0.0046]","[0.9065, 0.0045]","[0.5904, 0.0026]","[0.835, 0.0048]","[0.8027, 0.0051]","[0.7684, 0.0054]","[0.8807, 0.0047]","[0.4658, 0.003]","[0.2812, 0.0026]","[0.3966, 0.0032]","[0.4956, 0.0035]","[0.1526, 0.0018]"
E-CDE-VAE,200,0.0001,0.001,0.0001,0.0001,1.0,,0.001,300,0.3,Adam,"[0.4093, 0.0068]","[0.4372, 0.0062]","[0.4459, 0.0059]","[0.3127, 0.0078]","[0.3016, 0.002]","[0.5198, 0.0057]","[0.4922, 0.0054]","[0.4726, 0.0053]","[0.3666, 0.0073]","[0.2584, 0.0017]","[0.1559, 0.0013]","[0.2196, 0.0015]","[0.2788, 0.0017]","[0.0464, 0.0008]"
E-CDE-VAE,200,0.0001,0.001,0.0001,0.001,1.0,,0.0001,300,0.3,Adam,"[0.8087, 0.0052]","[0.7984, 0.0049]","[0.7868, 0.0048]","[0.8186, 0.006]","[0.5599, 0.0028]","[0.7908, 0.0048]","[0.7689, 0.0048]","[0.7386, 0.005]","[0.8109, 0.0054]","[0.4507, 0.0032]","[0.2678, 0.0027]","[0.3844, 0.0034]","[0.4831, 0.0037]","[0.1391, 0.0017]"
E-CDE-VAE,200,0.0001,0.001,0.0001,0.001,1.0,,0.0005,300,0.3,Adam,"[0.8735, 0.0044]","[0.8525, 0.0044]","[0.8341, 0.0045]","[0.8999, 0.0046]","[0.5878, 0.0027]","[0.8292, 0.0048]","[0.7967, 0.0051]","[0.7628, 0.0053]","[0.8749, 0.0048]","[0.464, 0.003]","[0.2801, 0.0027]","[0.395, 0.0033]","[0.4936, 0.0035]","[0.1521, 0.0018]"
E-CDE-VAE,200,0.0001,0.001,0.0001,0.001,1.0,,0.001,300,0.3,Adam,"[0.4093, 0.0068]","[0.4372, 0.0062]","[0.4459, 0.0059]","[0.3127, 0.0078]","[0.3016, 0.002]","[0.5198, 0.0057]","[0.4922, 0.0054]","[0.4726, 0.0053]","[0.3666, 0.0073]","[0.2584, 0.0017]","[0.1559, 0.0013]","[0.2196, 0.0015]","[0.2788, 0.0017]","[0.0464, 0.0008]"
E-CDE-VAE,200,0.0001,0.001,0.0001,0.01,1.0,,0.0001,300,0.3,Adam,"[0.6859, 0.006]","[0.6732, 0.0056]","[0.6624, 0.0054]","[0.7018, 0.007]","[0.4604, 0.0023]","[0.6601, 0.0055]","[0.64, 0.0053]","[0.623, 0.0053]","[0.6879, 0.0063]","[0.3636, 0.0024]","[0.2125, 0.002]","[0.3056, 0.0025]","[0.3922, 0.0028]","[0.1127, 0.0014]"
E-CDE-VAE,200,0.0001,0.001,0.0001,0.01,1.0,,0.0005,300,0.3,Adam,"[0.7796, 0.0055]","[0.764, 0.0052]","[0.7495, 0.0051]","[0.8026, 0.0062]","[0.5246, 0.0024]","[0.7458, 0.0053]","[0.7223, 0.0052]","[0.696, 0.0052]","[0.7756, 0.0059]","[0.4136, 0.0027]","[0.2441, 0.0022]","[0.3515, 0.0028]","[0.4448, 0.0031]","[0.1284, 0.0015]"
E-CDE-VAE,200,0.0001,0.001,0.0001,0.01,1.0,,0.001,300,0.3,Adam,"[0.4093, 0.0068]","[0.4372, 0.0062]","[0.4459, 0.0059]","[0.3127, 0.0078]","[0.3016, 0.002]","[0.5198, 0.0057]","[0.4922, 0.0054]","[0.4726, 0.0053]","[0.3666, 0.0073]","[0.2584, 0.0017]","[0.1559, 0.0013]","[0.2196, 0.0015]","[0.2788, 0.0017]","[0.0464, 0.0008]"
E-CDE-VAE,200,0.0001,0.001,0.0001,0.1,1.0,,0.0001,300,0.3,Adam,"[0.5702, 0.0069]","[0.5643, 0.0065]","[0.5591, 0.0062]","[0.5776, 0.008]","[0.378, 0.0023]","[0.5585, 0.0063]","[0.5483, 0.0061]","[0.5404, 0.0059]","[0.5683, 0.0072]","[0.2987, 0.0019]","[0.1676, 0.0015]","[0.2447, 0.0018]","[0.3198, 0.0019]","[0.0858, 0.0011]"
E-CDE-VAE,200,0.0001,0.001,0.0001,0.1,1.0,,0.0005,300,0.3,Adam,"[0.6363, 0.0067]","[0.6226, 0.0063]","[0.6125, 0.0061]","[0.6523, 0.0077]","[0.4128, 0.0021]","[0.6085, 0.0062]","[0.5889, 0.006]","[0.5779, 0.0059]","[0.6413, 0.0069]","[0.3235, 0.0019]","[0.1857, 0.0015]","[0.2662, 0.0018]","[0.3474, 0.002]","[0.0989, 0.0011]"
E-CDE-VAE,200,0.0001,0.001,0.0001,0.1,1.0,,0.001,300,0.3,Adam,"[0.4093, 0.0068]","[0.4372, 0.0062]","[0.4459, 0.0059]","[0.3127, 0.0078]","[0.3016, 0.002]","[0.5198, 0.0057]","[0.4922, 0.0054]","[0.4726, 0.0053]","[0.3666, 0.0073]","[0.2584, 0.0017]","[0.1559, 0.0013]","[0.2196, 0.0015]","[0.2788, 0.0017]","[0.0464, 0.0008]"
E-CDE-VAE,200,0.0001,0.001,0.0001,1.0,1.0,,0.0001,300,0.3,Adam,"[0.4987, 0.0071]","[0.5024, 0.0066]","[0.5043, 0.0063]","[0.4915, 0.0082]","[0.3422, 0.0023]","[0.5079, 0.0064]","[0.5101, 0.006]","[0.5102, 0.0059]","[0.4996, 0.0073]","[0.2768, 0.0019]","[0.1477, 0.0014]","[0.2231, 0.0016]","[0.2979, 0.0018]","[0.072, 0.001]"
E-CDE-VAE,200,0.0001,0.001,0.0001,1.0,1.0,,0.0005,300,0.3,Adam,"[0.4541, 0.0078]","[0.4514, 0.0073]","[0.4529, 0.0069]","[0.4697, 0.0091]","[0.303, 0.0025]","[0.4437, 0.0068]","[0.4491, 0.0064]","[0.4622, 0.0061]","[0.4299, 0.0081]","[0.2394, 0.0018]","[0.1215, 0.0012]","[0.1861, 0.0015]","[0.2609, 0.0016]","[0.0552, 0.0009]"
E-CDE-VAE,200,0.0001,0.001,0.0001,1.0,1.0,,0.001,300,0.3,Adam,"[0.4093, 0.0068]","[0.4372, 0.0062]","[0.4459, 0.0059]","[0.3127, 0.0078]","[0.3016, 0.002]","[0.5198, 0.0057]","[0.4922, 0.0054]","[0.4726, 0.0053]","[0.3666, 0.0073]","[0.2584, 0.0017]","[0.1559, 0.0013]","[0.2196, 0.0015]","[0.2788, 0.0017]","[0.0464, 0.0008]"
E-CDE-VAE,200,0.0001,0.001,0.001,0.0001,1.0,,0.0001,300,0.3,Adam,"[0.8758, 0.0044]","[0.8548, 0.0044]","[0.8365, 0.0045]","[0.9025, 0.0046]","[0.5894, 0.0026]","[0.8321, 0.0048]","[0.7991, 0.0051]","[0.7657, 0.0053]","[0.8762, 0.0048]","[0.4653, 0.003]","[0.281, 0.0027]","[0.3957, 0.0033]","[0.4949, 0.0035]","[0.1522, 0.0018]"
E-CDE-VAE,200,0.0001,0.001,0.001,0.0001,1.0,,0.0005,300,0.3,Adam,"[0.8775, 0.0043]","[0.8564, 0.0044]","[0.8377, 0.0045]","[0.9044, 0.0046]","[0.5899, 0.0026]","[0.8331, 0.0048]","[0.8002, 0.0051]","[0.7662, 0.0053]","[0.8777, 0.0047]","[0.4652, 0.003]","[0.2813, 0.0027]","[0.396, 0.0033]","[0.4951, 0.0035]","[0.1523, 0.0018]"
E-CDE-VAE,200,0.0001,0.001,0.001,0.0001,1.0,,0.001,300,0.3,Adam,"[0.4093, 0.0068]","[0.4372, 0.0062]","[0.4459, 0.0059]","[0.3127, 0.0078]","[0.3016, 0.002]","[0.5198, 0.0057]","[0.4922, 0.0054]","[0.4726, 0.0053]","[0.3666, 0.0073]","[0.2584, 0.0017]","[0.1559, 0.0013]","[0.2196, 0.0015]","[0.2788, 0.0017]","[0.0464, 0.0008]"
E-CDE-VAE,200,0.0001,0.001,0.001,0.001,1.0,,0.0001,300,0.3,Adam,"[0.8679, 0.0044]","[0.8473, 0.0044]","[0.8292, 0.0045]","[0.8939, 0.0047]","[0.586, 0.0027]","[0.8249, 0.0048]","[0.792, 0.005]","[0.7599, 0.0052]","[0.8676, 0.0048]","[0.4634, 0.0031]","[0.2798, 0.0027]","[0.3936, 0.0033]","[0.4928, 0.0036]","[0.1514, 0.0018]"
E-CDE-VAE,200,0.0001,0.001,0.001,0.001,1.0,,0.0005,300,0.3,Adam,"[0.8745, 0.0044]","[0.8536, 0.0044]","[0.8351, 0.0045]","[0.9008, 0.0046]","[0.5884, 0.0027]","[0.8306, 0.0048]","[0.7978, 0.0051]","[0.7637, 0.0053]","[0.8752, 0.0048]","[0.4644, 0.003]","[0.2807, 0.0027]","[0.3953, 0.0033]","[0.4941, 0.0035]","[0.1521, 0.0018]"
E-CDE-VAE,200,0.0001,0.001,0.001,0.001,1.0,,0.001,300,0.3,Adam,"[0.4093, 0.0068]","[0.4372, 0.0062]","[0.4459, 0.0059]","[0.3127, 0.0078]","[0.3016, 0.002]","[0.5198, 0.0057]","[0.4922, 0.0054]","[0.4726, 0.0053]","[0.3666, 0.0073]","[0.2584, 0.0017]","[0.1559, 0.0013]","[0.2196, 0.0015]","[0.2788, 0.0017]","[0.0464, 0.0008]"
E-CDE-VAE,200,0.0001,0.001,0.001,0.01,1.0,,0.0001,300,0.3,Adam,"[0.7939, 0.0052]","[0.7807, 0.0049]","[0.7676, 0.0048]","[0.8092, 0.0061]","[0.5439, 0.0027]","[0.7678, 0.005]","[0.7443, 0.0049]","[0.7168, 0.005]","[0.7966, 0.0055]","[0.4346, 0.003]","[0.258, 0.0026]","[0.3703, 0.0033]","[0.4663, 0.0035]","[0.1361, 0.0016]"
E-CDE-VAE,200,0.0001,0.001,0.001,0.01,1.0,,0.0005,300,0.3,Adam,"[0.8241, 0.005]","[0.8111, 0.0048]","[0.798, 0.0048]","[0.8383, 0.0057]","[0.5655, 0.0027]","[0.7992, 0.0049]","[0.7763, 0.0049]","[0.7448, 0.0051]","[0.8269, 0.0053]","[0.4523, 0.0031]","[0.269, 0.0026]","[0.3862, 0.0033]","[0.4845, 0.0036]","[0.1419, 0.0017]"
E-CDE-VAE,200,0.0001,0.001,0.001,0.01,1.0,,0.001,300,0.3,Adam,"[0.4093, 0.0068]","[0.4372, 0.0062]","[0.4459, 0.0059]","[0.3127, 0.0078]","[0.3016, 0.002]","[0.5198, 0.0057]","[0.4922, 0.0054]","[0.4726, 0.0053]","[0.3666, 0.0073]","[0.2584, 0.0017]","[0.1559, 0.0013]","[0.2196, 0.0015]","[0.2788, 0.0017]","[0.0464, 0.0008]"
E-CDE-VAE,200,0.0001,0.001,0.001,0.1,1.0,,0.0001,300,0.3,Adam,"[0.6124, 0.0066]","[0.6074, 0.0062]","[0.6024, 0.0059]","[0.6168, 0.0078]","[0.4151, 0.0022]","[0.6024, 0.006]","[0.594, 0.0057]","[0.5831, 0.0056]","[0.6141, 0.0069]","[0.3304, 0.0022]","[0.1866, 0.0017]","[0.2752, 0.0021]","[0.3577, 0.0024]","[0.0957, 0.0012]"
E-CDE-VAE,200,0.0001,0.001,0.001,0.1,1.0,,0.0005,300,0.3,Adam,"[0.7904, 0.0053]","[0.7731, 0.0051]","[0.7573, 0.005]","[0.8085, 0.0061]","[0.5281, 0.0024]","[0.7583, 0.0052]","[0.7262, 0.0052]","[0.6991, 0.0053]","[0.7942, 0.0056]","[0.4164, 0.0026]","[0.2505, 0.0023]","[0.3527, 0.0028]","[0.4459, 0.0031]","[0.1341, 0.0016]"
E-CDE-VAE,200,0.0001,0.001,0.001,0.1,1.0,,0.001,300,0.3,Adam,"[0.4093, 0.0068]","[0.4372, 0.0062]","[0.4459, 0.0059]","[0.3127, 0.0078]","[0.3016, 0.002]","[0.5198, 0.0057]","[0.4922, 0.0054]","[0.4726, 0.0053]","[0.3666, 0.0073]","[0.2584, 0.0017]","[0.1559, 0.0013]","[0.2196, 0.0015]","[0.2788, 0.0017]","[0.0464, 0.0008]"
E-CDE-VAE,200,0.0001,0.001,0.001,1.0,1.0,,0.0001,300,0.3,Adam,"[0.5599, 0.0071]","[0.5537, 0.0067]","[0.5488, 0.0065]","[0.5694, 0.0081]","[0.3671, 0.0024]","[0.5462, 0.0066]","[0.5381, 0.0063]","[0.5318, 0.0062]","[0.5595, 0.0074]","[0.2887, 0.0019]","[0.16, 0.0014]","[0.2354, 0.0017]","[0.309, 0.0018]","[0.0826, 0.0011]"
E-CDE-VAE,200,0.0001,0.001,0.001,1.0,1.0,,0.0005,300,0.3,Adam,"[0.5453, 0.0061]","[0.5369, 0.0057]","[0.532, 0.0055]","[0.5631, 0.0073]","[0.366, 0.002]","[0.526, 0.0056]","[0.516, 0.0056]","[0.519, 0.0056]","[0.5357, 0.0063]","[0.2883, 0.0017]","[0.162, 0.0015]","[0.2319, 0.0016]","[0.309, 0.0018]","[0.0838, 0.0011]"
E-CDE-VAE,200,0.0001,0.001,0.001,1.0,1.0,,0.001,300,0.3,Adam,"[0.4093, 0.0068]","[0.4372, 0.0062]","[0.4459, 0.0059]","[0.3127, 0.0078]","[0.3016, 0.002]","[0.5198, 0.0057]","[0.4922, 0.0054]","[0.4726, 0.0053]","[0.3666, 0.0073]","[0.2584, 0.0017]","[0.1559, 0.0013]","[0.2196, 0.0015]","[0.2788, 0.0017]","[0.0464, 0.0008]"
E-CDE-VAE,200,0.0001,0.001,0.01,0.0001,1.0,,0.0001,300,0.3,Adam,"[0.8754, 0.0044]","[0.8548, 0.0044]","[0.8368, 0.0045]","[0.9012, 0.0046]","[0.5899, 0.0026]","[0.8328, 0.0048]","[0.8001, 0.0051]","[0.767, 0.0053]","[0.8747, 0.0048]","[0.4661, 0.003]","[0.2812, 0.0027]","[0.3961, 0.0033]","[0.4955, 0.0035]","[0.152, 0.0018]"
E-CDE-VAE,200,0.0001,0.001,0.01,0.0001,1.0,,0.0005,300,0.3,Adam,"[0.4093, 0.0068]","[0.4372, 0.0062]","[0.4459, 0.0059]","[0.3127, 0.0078]","[0.3016, 0.002]","[0.5198, 0.0057]","[0.4922, 0.0054]","[0.4726, 0.0053]","[0.3666, 0.0073]","[0.2584, 0.0017]","[0.1559, 0.0013]","[0.2196, 0.0015]","[0.2788, 0.0017]","[0.0464, 0.0008]"
E-CDE-VAE,200,0.0001,0.001,0.01,0.0001,1.0,,0.001,300,0.3,Adam,"[0.4093, 0.0068]","[0.4372, 0.0062]","[0.4459, 0.0059]","[0.3127, 0.0078]","[0.3016, 0.002]","[0.5198, 0.0057]","[0.4922, 0.0054]","[0.4726, 0.0053]","[0.3666, 0.0073]","[0.2584, 0.0017]","[0.1559, 0.0013]","[0.2196, 0.0015]","[0.2788, 0.0017]","[0.0464, 0.0008]"
E-CDE-VAE,200,0.0001,0.001,0.01,0.001,1.0,,0.0001,300,0.3,Adam,"[0.8715, 0.0044]","[0.8512, 0.0044]","[0.8331, 0.0045]","[0.897, 0.0047]","[0.588, 0.0027]","[0.8295, 0.0048]","[0.7965, 0.005]","[0.7638, 0.0053]","[0.8722, 0.0048]","[0.4649, 0.0031]","[0.2807, 0.0027]","[0.395, 0.0033]","[0.4944, 0.0035]","[0.1518, 0.0018]"
E-CDE-VAE,200,0.0001,0.001,0.01,0.001,1.0,,0.0005,300,0.3,Adam,"[0.4093, 0.0068]","[0.4372, 0.0062]","[0.4459, 0.0059]","[0.3127, 0.0078]","[0.3016, 0.002]","[0.5198, 0.0057]","[0.4922, 0.0054]","[0.4726, 0.0053]","[0.3666, 0.0073]","[0.2584, 0.0017]","[0.1559, 0.0013]","[0.2196, 0.0015]","[0.2788, 0.0017]","[0.0464, 0.0008]"
E-CDE-VAE,200,0.0001,0.001,0.01,0.001,1.0,,0.001,300,0.3,Adam,"[0.4093, 0.0068]","[0.4372, 0.0062]","[0.4459, 0.0059]","[0.3127, 0.0078]","[0.3016, 0.002]","[0.5198, 0.0057]","[0.4922, 0.0054]","[0.4726, 0.0053]","[0.3666, 0.0073]","[0.2584, 0.0017]","[0.1559, 0.0013]","[0.2196, 0.0015]","[0.2788, 0.0017]","[0.0464, 0.0008]"
E-CDE-VAE,200,0.0001,0.001,0.01,0.01,1.0,,0.0001,300,0.3,Adam,"[0.8592, 0.0045]","[0.8409, 0.0045]","[0.8243, 0.0045]","[0.8818, 0.0049]","[0.5835, 0.0027]","[0.823, 0.0048]","[0.7923, 0.005]","[0.7599, 0.0052]","[0.8609, 0.0049]","[0.4629, 0.0031]","[0.279, 0.0027]","[0.3936, 0.0033]","[0.4931, 0.0036]","[0.1502, 0.0018]"
E-CDE-VAE,200,0.0001,0.001,0.01,0.01,1.0,,0.0005,300,0.3,Adam,"[0.8448, 0.0045]","[0.8276, 0.0044]","[0.812, 0.0044]","[0.8651, 0.0051]","[0.5784, 0.0029]","[0.8106, 0.0046]","[0.7815, 0.0048]","[0.7518, 0.0051]","[0.8486, 0.0049]","[0.4598, 0.0031]","[0.2767, 0.0028]","[0.3905, 0.0034]","[0.4899, 0.0037]","[0.1492, 0.0018]"
E-CDE-VAE,200,0.0001,0.001,0.01,0.01,1.0,,0.001,300,0.3,Adam,"[0.4093, 0.0068]","[0.4372, 0.0062]","[0.4459, 0.0059]","[0.3127, 0.0078]","[0.3016, 0.002]","[0.5198, 0.0057]","[0.4922, 0.0054]","[0.4726, 0.0053]","[0.3666, 0.0073]","[0.2584, 0.0017]","[0.1559, 0.0013]","[0.2196, 0.0015]","[0.2788, 0.0017]","[0.0464, 0.0008]"
E-CDE-VAE,200,0.0001,0.001,0.01,0.1,1.0,,0.0001,300,0.3,Adam,"[0.7755, 0.0056]","[0.7656, 0.0052]","[0.7544, 0.005]","[0.7841, 0.0065]","[0.5338, 0.0026]","[0.7584, 0.0051]","[0.7363, 0.0049]","[0.7094, 0.005]","[0.7785, 0.0058]","[0.428, 0.003]","[0.2529, 0.0025]","[0.3645, 0.0032]","[0.4608, 0.0035]","[0.1314, 0.0016]"
E-CDE-VAE,200,0.0001,0.001,0.01,0.1,1.0,,0.0005,300,0.3,Adam,"[0.4093, 0.0068]","[0.4372, 0.0062]","[0.4459, 0.0059]","[0.3127, 0.0078]","[0.3016, 0.002]","[0.5198, 0.0057]","[0.4922, 0.0054]","[0.4726, 0.0053]","[0.3666, 0.0073]","[0.2584, 0.0017]","[0.1559, 0.0013]","[0.2196, 0.0015]","[0.2788, 0.0017]","[0.0464, 0.0008]"
E-CDE-VAE,200,0.0001,0.001,0.01,0.1,1.0,,0.001,300,0.3,Adam,"[0.4093, 0.0068]","[0.4372, 0.0062]","[0.4459, 0.0059]","[0.3127, 0.0078]","[0.3016, 0.002]","[0.5198, 0.0057]","[0.4922, 0.0054]","[0.4726, 0.0053]","[0.3666, 0.0073]","[0.2584, 0.0017]","[0.1559, 0.0013]","[0.2196, 0.0015]","[0.2788, 0.0017]","[0.0464, 0.0008]"
E-CDE-VAE,200,0.0001,0.001,0.01,1.0,1.0,,0.0001,300,0.3,Adam,"[0.672, 0.0061]","[0.66, 0.0057]","[0.6495, 0.0055]","[0.6868, 0.0072]","[0.4494, 0.0023]","[0.6482, 0.0057]","[0.6281, 0.0055]","[0.6108, 0.0054]","[0.6729, 0.0064]","[0.355, 0.0023]","[0.2076, 0.002]","[0.2974, 0.0024]","[0.3814, 0.0026]","[0.11, 0.0014]"
E-CDE-VAE,200,0.0001,0.001,0.01,1.0,1.0,,0.0005,300,0.3,Adam,"[0.7077, 0.0066]","[0.7002, 0.0062]","[0.6909, 0.006]","[0.7086, 0.0076]","[0.4736, 0.0022]","[0.6986, 0.006]","[0.6761, 0.0058]","[0.6557, 0.0057]","[0.7177, 0.0067]","[0.3792, 0.0023]","[0.2203, 0.0018]","[0.3168, 0.0022]","[0.4059, 0.0025]","[0.1136, 0.0013]"
E-CDE-VAE,200,0.0001,0.001,0.01,1.0,1.0,,0.001,300,0.3,Adam,"[0.4809, 0.0075]","[0.4883, 0.0068]","[0.4857, 0.0065]","[0.4721, 0.0088]","[0.3201, 0.0023]","[0.5108, 0.0063]","[0.4836, 0.0057]","[0.4767, 0.0057]","[0.4854, 0.008]","[0.2581, 0.0018]","[0.149, 0.0014]","[0.2135, 0.0016]","[0.2771, 0.0018]","[0.0654, 0.0009]"
E-CDE-VAE,200,0.0001,0.001,0.1,0.0001,1.0,,0.0001,300,0.3,Adam,"[0.8643, 0.0044]","[0.8456, 0.0044]","[0.8288, 0.0044]","[0.8869, 0.0048]","[0.5876, 0.0027]","[0.8264, 0.0047]","[0.7949, 0.005]","[0.7646, 0.0052]","[0.8641, 0.0048]","[0.4656, 0.0031]","[0.2803, 0.0027]","[0.3947, 0.0033]","[0.4954, 0.0036]","[0.151, 0.0018]"
E-CDE-VAE,200,0.0001,0.001,0.1,0.0001,1.0,,0.0005,300,0.3,Adam,"[0.7848, 0.0049]","[0.778, 0.0045]","[0.7697, 0.0043]","[0.7892, 0.0061]","[0.5592, 0.0031]","[0.7752, 0.0045]","[0.7567, 0.0046]","[0.7352, 0.0048]","[0.7857, 0.0053]","[0.4519, 0.0032]","[0.269, 0.003]","[0.3823, 0.0035]","[0.4836, 0.0038]","[0.1405, 0.0019]"
E-CDE-VAE,200,0.0001,0.001,0.1,0.0001,1.0,,0.001,300,0.3,Adam,"[0.4093, 0.0068]","[0.4372, 0.0062]","[0.4459, 0.0059]","[0.3127, 0.0078]","[0.3016, 0.002]","[0.5198, 0.0057]","[0.4922, 0.0054]","[0.4726, 0.0053]","[0.3666, 0.0073]","[0.2584, 0.0017]","[0.1559, 0.0013]","[0.2196, 0.0015]","[0.2788, 0.0017]","[0.0464, 0.0008]"
E-CDE-VAE,200,0.0001,0.001,0.1,0.001,1.0,,0.0001,300,0.3,Adam,"[0.8625, 0.0044]","[0.844, 0.0044]","[0.8273, 0.0044]","[0.8846, 0.0049]","[0.587, 0.0028]","[0.8253, 0.0047]","[0.7937, 0.005]","[0.7637, 0.0052]","[0.8618, 0.0048]","[0.4653, 0.0031]","[0.2801, 0.0027]","[0.3944, 0.0033]","[0.4953, 0.0036]","[0.1508, 0.0018]"
E-CDE-VAE,200,0.0001,0.001,0.1,0.001,1.0,,0.0005,300,0.3,Adam,"[0.7854, 0.005]","[0.778, 0.0046]","[0.7693, 0.0044]","[0.7917, 0.0061]","[0.5582, 0.0031]","[0.774, 0.0046]","[0.7555, 0.0046]","[0.7338, 0.0048]","[0.7876, 0.0053]","[0.4513, 0.0032]","[0.268, 0.003]","[0.3813, 0.0035]","[0.4821, 0.0038]","[0.1406, 0.0019]"
E-CDE-VAE,200,0.0001,0.001,0.1,0.001,1.0,,0.001,300,0.3,Adam,"[0.4093, 0.0068]","[0.4372, 0.0062]","[0.4459, 0.0059]","[0.3127, 0.0078]","[0.3016, 0.002]","[0.5198, 0.0057]","[0.4922, 0.0054]","[0.4726, 0.0053]","[0.3666, 0.0073]","[0.2584, 0.0017]","[0.1559, 0.0013]","[0.2196, 0.0015]","[0.2788, 0.0017]","[0.0464, 0.0008]"
E-CDE-VAE,200,0.0001,0.001,0.1,0.01,1.0,,0.0001,300,0.3,Adam,"[0.8591, 0.0045]","[0.841, 0.0045]","[0.8246, 0.0045]","[0.8811, 0.005]","[0.5847, 0.0028]","[0.8228, 0.0047]","[0.7918, 0.005]","[0.7616, 0.0052]","[0.8604, 0.0049]","[0.4638, 0.0031]","[0.2794, 0.0027]","[0.3938, 0.0033]","[0.4945, 0.0036]","[0.1505, 0.0018]"
E-CDE-VAE,200,0.0001,0.001,0.1,0.01,1.0,,0.0005,300,0.3,Adam,"[0.7935, 0.0048]","[0.7846, 0.0044]","[0.7748, 0.0043]","[0.8014, 0.0059]","[0.5614, 0.0031]","[0.7793, 0.0045]","[0.758, 0.0046]","[0.7351, 0.0048]","[0.7934, 0.0052]","[0.4526, 0.0032]","[0.2699, 0.003]","[0.3826, 0.0035]","[0.4831, 0.0038]","[0.142, 0.0019]"
E-CDE-VAE,200,0.0001,0.001,0.1,0.01,1.0,,0.001,300,0.3,Adam,"[0.4093, 0.0068]","[0.4372, 0.0062]","[0.4459, 0.0059]","[0.3127, 0.0078]","[0.3016, 0.002]","[0.5198, 0.0057]","[0.4922, 0.0054]","[0.4726, 0.0053]","[0.3666, 0.0073]","[0.2584, 0.0017]","[0.1559, 0.0013]","[0.2196, 0.0015]","[0.2788, 0.0017]","[0.0464, 0.0008]"
E-CDE-VAE,200,0.0001,0.001,0.1,0.1,1.0,,0.0001,300,0.3,Adam,"[0.8493, 0.0046]","[0.8324, 0.0045]","[0.8169, 0.0045]","[0.8695, 0.0052]","[0.5802, 0.0028]","[0.816, 0.0048]","[0.7871, 0.0049]","[0.7566, 0.0051]","[0.8507, 0.0049]","[0.4614, 0.0031]","[0.2774, 0.0028]","[0.3921, 0.0034]","[0.4922, 0.0036]","[0.1487, 0.0018]"
E-CDE-VAE,200,0.0001,0.001,0.1,0.1,1.0,,0.0005,300,0.3,Adam,"[0.8062, 0.0048]","[0.7949, 0.0045]","[0.7833, 0.0044]","[0.8214, 0.0056]","[0.5638, 0.0029]","[0.7836, 0.0047]","[0.7636, 0.0047]","[0.7379, 0.0049]","[0.805, 0.0052]","[0.4525, 0.0032]","[0.2685, 0.0029]","[0.3838, 0.0035]","[0.4834, 0.0038]","[0.1416, 0.0019]"
E-CDE-VAE,200,0.0001,0.001,0.1,0.1,1.0,,0.001,300,0.3,Adam,"[0.4093, 0.0068]","[0.4372, 0.0062]","[0.4459, 0.0059]","[0.3127, 0.0078]","[0.3016, 0.002]","[0.5198, 0.0057]","[0.4922, 0.0054]","[0.4726, 0.0053]","[0.3666, 0.0073]","[0.2584, 0.0017]","[0.1559, 0.0013]","[0.2196, 0.0015]","[0.2788, 0.0017]","[0.0464, 0.0008]"
E-CDE-VAE,200,0.0001,0.001,0.1,1.0,1.0,,0.0001,300,0.3,Adam,"[0.8109, 0.005]","[0.795, 0.0047]","[0.7801, 0.0046]","[0.83, 0.0057]","[0.5552, 0.0029]","[0.7791, 0.0049]","[0.7527, 0.0048]","[0.7236, 0.0049]","[0.8113, 0.0053]","[0.4418, 0.0031]","[0.2644, 0.0027]","[0.3764, 0.0034]","[0.4734, 0.0037]","[0.1405, 0.0017]"
E-CDE-VAE,200,0.0001,0.001,0.1,1.0,1.0,,0.0005,300,0.3,Adam,"[0.8199, 0.0048]","[0.8055, 0.0046]","[0.792, 0.0046]","[0.8369, 0.0056]","[0.5643, 0.0028]","[0.7915, 0.0048]","[0.7675, 0.0048]","[0.7388, 0.0049]","[0.8214, 0.0051]","[0.4512, 0.0031]","[0.2681, 0.0027]","[0.3837, 0.0034]","[0.4829, 0.0037]","[0.1429, 0.0018]"
E-CDE-VAE,200,0.0001,0.001,0.1,1.0,1.0,,0.001,300,0.3,Adam,"[0.4093, 0.0068]","[0.4372, 0.0062]","[0.4459, 0.0059]","[0.3127, 0.0078]","[0.3016, 0.002]","[0.5198, 0.0057]","[0.4922, 0.0054]","[0.4726, 0.0053]","[0.3666, 0.0073]","[0.2584, 0.0017]","[0.1559, 0.0013]","[0.2196, 0.0015]","[0.2788, 0.0017]","[0.0464, 0.0008]"
E-CDE-VAE,200,0.0001,0.001,1.0,0.0001,1.0,,0.0001,300,0.3,Adam,"[0.8518, 0.0045]","[0.8344, 0.0043]","[0.8187, 0.0044]","[0.872, 0.0051]","[0.5838, 0.0028]","[0.8175, 0.0046]","[0.7872, 0.0049]","[0.7593, 0.0051]","[0.8515, 0.0048]","[0.4635, 0.0031]","[0.2791, 0.0028]","[0.3926, 0.0034]","[0.4941, 0.0036]","[0.1498, 0.0018]"
E-CDE-VAE,200,0.0001,0.001,1.0,0.0001,1.0,,0.0005,300,0.3,Adam,"[0.74, 0.0053]","[0.74, 0.0048]","[0.7364, 0.0046]","[0.7339, 0.0066]","[0.5361, 0.0029]","[0.7445, 0.0047]","[0.7361, 0.0046]","[0.7176, 0.0047]","[0.7433, 0.0056]","[0.4394, 0.0031]","[0.256, 0.0029]","[0.3712, 0.0035]","[0.4718, 0.0038]","[0.1308, 0.0019]"
E-CDE-VAE,200,0.0001,0.001,1.0,0.0001,1.0,,0.001,300,0.3,Adam,"[0.6902, 0.0055]","[0.6955, 0.005]","[0.6962, 0.0047]","[0.6773, 0.0069]","[0.5121, 0.003]","[0.7067, 0.0047]","[0.7048, 0.0045]","[0.6933, 0.0046]","[0.6931, 0.0058]","[0.4238, 0.0031]","[0.2436, 0.0029]","[0.3566, 0.0035]","[0.4568, 0.0038]","[0.1215, 0.0018]"
E-CDE-VAE,200,0.0001,0.001,1.0,0.001,1.0,,0.0001,300,0.3,Adam,"[0.8518, 0.0044]","[0.8345, 0.0043]","[0.8188, 0.0044]","[0.8714, 0.005]","[0.5837, 0.0028]","[0.818, 0.0046]","[0.7871, 0.0049]","[0.7589, 0.0051]","[0.8521, 0.0048]","[0.4634, 0.0031]","[0.2793, 0.0028]","[0.3925, 0.0034]","[0.494, 0.0037]","[0.1499, 0.0018]"
E-CDE-VAE,200,0.0001,0.001,1.0,0.001,1.0,,0.0005,300,0.3,Adam,"[0.7381, 0.0053]","[0.738, 0.0048]","[0.7338, 0.0045]","[0.7315, 0.0066]","[0.5345, 0.003]","[0.7439, 0.0046]","[0.7323, 0.0045]","[0.7133, 0.0047]","[0.7436, 0.0055]","[0.4376, 0.0032]","[0.2565, 0.0029]","[0.3698, 0.0035]","[0.4699, 0.0038]","[0.1314, 0.0019]"
E-CDE-VAE,200,0.0001,0.001,1.0,0.001,1.0,,0.001,300,0.3,Adam,"[0.6878, 0.0056]","[0.6925, 0.005]","[0.6931, 0.0047]","[0.677, 0.0069]","[0.5108, 0.003]","[0.7015, 0.0047]","[0.7008, 0.0045]","[0.6901, 0.0046]","[0.6898, 0.0058]","[0.4219, 0.0031]","[0.2421, 0.0029]","[0.3548, 0.0035]","[0.4552, 0.0038]","[0.1215, 0.0018]"
E-CDE-VAE,200,0.0001,0.001,1.0,0.01,1.0,,0.0001,300,0.3,Adam,"[0.85, 0.0045]","[0.8327, 0.0044]","[0.8171, 0.0044]","[0.8698, 0.0051]","[0.583, 0.0029]","[0.8164, 0.0047]","[0.7858, 0.0049]","[0.7576, 0.0051]","[0.849, 0.0049]","[0.4629, 0.0031]","[0.279, 0.0028]","[0.3923, 0.0034]","[0.4937, 0.0037]","[0.1496, 0.0019]"
E-CDE-VAE,200,0.0001,0.001,1.0,0.01,1.0,,0.0005,300,0.3,Adam,"[0.7288, 0.0054]","[0.7297, 0.0049]","[0.7268, 0.0046]","[0.7211, 0.0068]","[0.5307, 0.003]","[0.7363, 0.0046]","[0.7272, 0.0045]","[0.7105, 0.0047]","[0.7338, 0.0056]","[0.4362, 0.0032]","[0.2543, 0.0029]","[0.3678, 0.0035]","[0.4683, 0.0038]","[0.1297, 0.0019]"
E-CDE-VAE,200,0.0001,0.001,1.0,0.01,1.0,,0.001,300,0.3,Adam,"[0.6835, 0.0056]","[0.6879, 0.0051]","[0.6887, 0.0048]","[0.6726, 0.007]","[0.5068, 0.0029]","[0.6972, 0.0048]","[0.6957, 0.0046]","[0.6873, 0.0046]","[0.6859, 0.0059]","[0.4196, 0.0031]","[0.24, 0.0028]","[0.3515, 0.0035]","[0.4535, 0.0038]","[0.1196, 0.0018]"
E-CDE-VAE,200,0.0001,0.001,1.0,0.1,1.0,,0.0001,300,0.3,Adam,"[0.849, 0.0046]","[0.8327, 0.0044]","[0.8174, 0.0045]","[0.8698, 0.0051]","[0.5823, 0.0028]","[0.8171, 0.0047]","[0.7878, 0.0049]","[0.7582, 0.0051]","[0.85, 0.0049]","[0.4622, 0.0031]","[0.2784, 0.0028]","[0.3927, 0.0033]","[0.4938, 0.0037]","[0.1493, 0.0018]"
E-CDE-VAE,200,0.0001,0.001,1.0,0.1,1.0,,0.0005,300,0.3,Adam,"[0.7346, 0.0053]","[0.7317, 0.0048]","[0.7268, 0.0045]","[0.7348, 0.0065]","[0.531, 0.003]","[0.7322, 0.0046]","[0.7217, 0.0045]","[0.7052, 0.0046]","[0.7366, 0.0056]","[0.4328, 0.0031]","[0.2531, 0.0029]","[0.3654, 0.0035]","[0.465, 0.0038]","[0.1308, 0.0019]"
E-CDE-VAE,200,0.0001,0.001,1.0,0.1,1.0,,0.001,300,0.3,Adam,"[0.6887, 0.0056]","[0.6929, 0.005]","[0.6931, 0.0047]","[0.6791, 0.007]","[0.5102, 0.003]","[0.7016, 0.0048]","[0.6996, 0.0045]","[0.6891, 0.0046]","[0.6915, 0.0058]","[0.4218, 0.0031]","[0.2415, 0.0029]","[0.3538, 0.0035]","[0.4549, 0.0038]","[0.1213, 0.0018]"
E-CDE-VAE,200,0.0001,0.001,1.0,1.0,1.0,,0.0001,300,0.3,Adam,"[0.8413, 0.0047]","[0.8252, 0.0045]","[0.8102, 0.0045]","[0.8583, 0.0054]","[0.577, 0.0029]","[0.8109, 0.0047]","[0.7816, 0.0049]","[0.7519, 0.0051]","[0.8458, 0.0049]","[0.4601, 0.0032]","[0.2772, 0.0028]","[0.3909, 0.0034]","[0.4907, 0.0037]","[0.1488, 0.0018]"
E-CDE-VAE,200,0.0001,0.001,1.0,1.0,1.0,,0.0005,300,0.3,Adam,"[0.7634, 0.0053]","[0.7567, 0.0049]","[0.7493, 0.0047]","[0.768, 0.0064]","[0.5421, 0.0029]","[0.7531, 0.0048]","[0.7373, 0.0047]","[0.7193, 0.0048]","[0.7653, 0.0055]","[0.4399, 0.0031]","[0.2576, 0.0028]","[0.3707, 0.0035]","[0.4725, 0.0038]","[0.1342, 0.0018]"
E-CDE-VAE,200,0.0001,0.001,1.0,1.0,1.0,,0.001,300,0.3,Adam,"[0.7317, 0.0055]","[0.7281, 0.0051]","[0.7228, 0.0049]","[0.7319, 0.0067]","[0.5228, 0.0028]","[0.7285, 0.0049]","[0.7153, 0.0048]","[0.7007, 0.0048]","[0.7327, 0.0058]","[0.426, 0.003]","[0.2476, 0.0028]","[0.3577, 0.0034]","[0.4586, 0.0037]","[0.1271, 0.0018]"
E-CDE-VAE,200,0.0001,0.01,0.0001,0.0001,1.0,,0.0001,300,0.3,Adam,"[0.8817, 0.0043]","[0.8605, 0.0044]","[0.8422, 0.0046]","[0.9096, 0.0045]","[0.5917, 0.0025]","[0.8375, 0.0048]","[0.8052, 0.0051]","[0.7707, 0.0054]","[0.8834, 0.0047]","[0.4668, 0.003]","[0.2816, 0.0026]","[0.3973, 0.0032]","[0.4963, 0.0035]","[0.1528, 0.0018]"
E-CDE-VAE,200,0.0001,0.01,0.0001,0.0001,1.0,,0.0005,300,0.3,Adam,"[0.8818, 0.0044]","[0.8608, 0.0044]","[0.8424, 0.0046]","[0.9096, 0.0045]","[0.5918, 0.0025]","[0.8375, 0.0048]","[0.8052, 0.0051]","[0.7707, 0.0054]","[0.8834, 0.0047]","[0.4669, 0.003]","[0.2816, 0.0026]","[0.3973, 0.0032]","[0.4963, 0.0035]","[0.1528, 0.0018]"
E-CDE-VAE,200,0.0001,0.01,0.0001,0.0001,1.0,,0.001,300,0.3,Adam,"[0.8806, 0.0044]","[0.86, 0.0045]","[0.8418, 0.0046]","[0.9073, 0.0045]","[0.5914, 0.0025]","[0.8375, 0.0048]","[0.8052, 0.0051]","[0.7707, 0.0054]","[0.8834, 0.0047]","[0.4668, 0.003]","[0.2816, 0.0026]","[0.3973, 0.0032]","[0.4963, 0.0035]","[0.1528, 0.0018]"
E-CDE-VAE,200,0.0001,0.01,0.0001,0.001,1.0,,0.0001,300,0.3,Adam,"[0.8819, 0.0043]","[0.8607, 0.0044]","[0.8423, 0.0046]","[0.9096, 0.0045]","[0.5918, 0.0025]","[0.8375, 0.0048]","[0.8052, 0.0051]","[0.7707, 0.0054]","[0.8834, 0.0047]","[0.4668, 0.003]","[0.2816, 0.0026]","[0.3973, 0.0032]","[0.4963, 0.0035]","[0.1528, 0.0018]"
E-CDE-VAE,200,0.0001,0.01,0.0001,0.001,1.0,,0.0005,300,0.3,Adam,"[0.8818, 0.0044]","[0.8608, 0.0044]","[0.8424, 0.0046]","[0.9096, 0.0045]","[0.5918, 0.0025]","[0.8375, 0.0048]","[0.8052, 0.0051]","[0.7707, 0.0054]","[0.8834, 0.0047]","[0.4669, 0.003]","[0.2816, 0.0026]","[0.3973, 0.0032]","[0.4963, 0.0035]","[0.1528, 0.0018]"
E-CDE-VAE,200,0.0001,0.01,0.0001,0.001,1.0,,0.001,300,0.3,Adam,"[0.8806, 0.0044]","[0.86, 0.0045]","[0.8418, 0.0046]","[0.9073, 0.0045]","[0.5914, 0.0025]","[0.8375, 0.0048]","[0.8052, 0.0051]","[0.7707, 0.0054]","[0.8834, 0.0047]","[0.4668, 0.003]","[0.2816, 0.0026]","[0.3973, 0.0032]","[0.4963, 0.0035]","[0.1528, 0.0018]"
E-CDE-VAE,200,0.0001,0.01,0.0001,0.01,1.0,,0.0001,300,0.3,Adam,"[0.8815, 0.0043]","[0.8606, 0.0044]","[0.8423, 0.0046]","[0.9096, 0.0045]","[0.5918, 0.0025]","[0.8375, 0.0048]","[0.8052, 0.0051]","[0.7707, 0.0054]","[0.8834, 0.0047]","[0.4669, 0.003]","[0.2816, 0.0026]","[0.3973, 0.0032]","[0.4963, 0.0035]","[0.1528, 0.0018]"
E-CDE-VAE,200,0.0001,0.01,0.0001,0.01,1.0,,0.0005,300,0.3,Adam,"[0.8818, 0.0044]","[0.8608, 0.0044]","[0.8424, 0.0046]","[0.9096, 0.0045]","[0.5918, 0.0025]","[0.8375, 0.0048]","[0.8052, 0.0051]","[0.7707, 0.0054]","[0.8834, 0.0047]","[0.4669, 0.003]","[0.2816, 0.0026]","[0.3973, 0.0032]","[0.4963, 0.0035]","[0.1528, 0.0018]"
E-CDE-VAE,200,0.0001,0.01,0.0001,0.01,1.0,,0.001,300,0.3,Adam,"[0.8806, 0.0044]","[0.86, 0.0045]","[0.8418, 0.0046]","[0.9073, 0.0045]","[0.5914, 0.0025]","[0.8375, 0.0048]","[0.8052, 0.0051]","[0.7707, 0.0054]","[0.8834, 0.0047]","[0.4668, 0.003]","[0.2816, 0.0026]","[0.3973, 0.0032]","[0.4963, 0.0035]","[0.1528, 0.0018]"
E-CDE-VAE,200,0.0001,0.01,0.0001,0.1,1.0,,0.0001,300,0.3,Adam,"[0.7561, 0.0063]","[0.7391, 0.0061]","[0.723, 0.006]","[0.7943, 0.0067]","[0.4875, 0.0021]","[0.7079, 0.0062]","[0.6843, 0.0062]","[0.6611, 0.0062]","[0.7542, 0.0066]","[0.3787, 0.0021]","[0.2208, 0.0018]","[0.3152, 0.002]","[0.401, 0.0021]","[0.1199, 0.0013]"
E-CDE-VAE,200,0.0001,0.01,0.0001,0.1,1.0,,0.0005,300,0.3,Adam,"[0.7829, 0.0062]","[0.7891, 0.0057]","[0.7849, 0.0055]","[0.7758, 0.0073]","[0.5576, 0.0025]","[0.806, 0.0052]","[0.7887, 0.0052]","[0.7631, 0.0053]","[0.7799, 0.0065]","[0.4564, 0.003]","[0.2664, 0.0024]","[0.3873, 0.0031]","[0.4935, 0.0035]","[0.1251, 0.0013]"
E-CDE-VAE,200,0.0001,0.01,0.0001,0.1,1.0,,0.001,300,0.3,Adam,"[0.848, 0.005]","[0.8331, 0.0049]","[0.8192, 0.0049]","[0.8769, 0.0053]","[0.5793, 0.0026]","[0.8142, 0.0051]","[0.7971, 0.0051]","[0.7629, 0.0053]","[0.8416, 0.0055]","[0.4597, 0.003]","[0.2721, 0.0026]","[0.394, 0.0032]","[0.4935, 0.0035]","[0.1422, 0.0016]"
E-CDE-VAE,200,0.0001,0.01,0.0001,1.0,1.0,,0.0001,300,0.3,Adam,"[0.6221, 0.0066]","[0.6017, 0.0062]","[0.5858, 0.006]","[0.6561, 0.0073]","[0.3853, 0.002]","[0.5719, 0.0064]","[0.5526, 0.0059]","[0.5279, 0.0059]","[0.6261, 0.007]","[0.2935, 0.0017]","[0.1698, 0.0014]","[0.2493, 0.0017]","[0.3105, 0.0017]","[0.0958, 0.0011]"
E-CDE-VAE,200,0.0001,0.01,0.0001,1.0,1.0,,0.0005,300,0.3,Adam,"[0.8119, 0.0054]","[0.7885, 0.0054]","[0.7675, 0.0054]","[0.8398, 0.0057]","[0.5173, 0.0021]","[0.7515, 0.0059]","[0.7329, 0.0057]","[0.6813, 0.0059]","[0.8097, 0.0058]","[0.3986, 0.0022]","[0.239, 0.0019]","[0.3482, 0.0024]","[0.4221, 0.0025]","[0.1336, 0.0014]"
E-CDE-VAE,200,0.0001,0.01,0.0001,1.0,1.0,,0.001,300,0.3,Adam,"[0.7545, 0.0064]","[0.7526, 0.006]","[0.7448, 0.0059]","[0.7559, 0.0073]","[0.5184, 0.0021]","[0.7577, 0.0058]","[0.7423, 0.0056]","[0.7135, 0.0056]","[0.7468, 0.0066]","[0.4157, 0.0025]","[0.2423, 0.002]","[0.3555, 0.0025]","[0.4495, 0.0028]","[0.1183, 0.0013]"
E-CDE-VAE,200,0.0001,0.01,0.001,0.0001,1.0,,0.0001,300,0.3,Adam,"[0.8817, 0.0044]","[0.8606, 0.0044]","[0.8423, 0.0046]","[0.9096, 0.0045]","[0.5917, 0.0025]","[0.8375, 0.0048]","[0.8052, 0.0051]","[0.7707, 0.0054]","[0.8834, 0.0047]","[0.4668, 0.003]","[0.2816, 0.0026]","[0.3973, 0.0032]","[0.4963, 0.0035]","[0.1528, 0.0018]"
E-CDE-VAE,200,0.0001,0.01,0.001,0.0001,1.0,,0.0005,300,0.3,Adam,"[0.881, 0.0044]","[0.8603, 0.0045]","[0.842, 0.0046]","[0.9084, 0.0045]","[0.5915, 0.0025]","[0.8375, 0.0048]","[0.8052, 0.0051]","[0.7707, 0.0054]","[0.8834, 0.0047]","[0.4669, 0.003]","[0.2816, 0.0026]","[0.3973, 0.0032]","[0.4963, 0.0035]","[0.1528, 0.0018]"
E-CDE-VAE,200,0.0001,0.01,0.001,0.0001,1.0,,0.001,300,0.3,Adam,"[0.8806, 0.0044]","[0.86, 0.0045]","[0.8418, 0.0046]","[0.9073, 0.0045]","[0.5914, 0.0025]","[0.8375, 0.0048]","[0.8052, 0.0051]","[0.7707, 0.0054]","[0.8834, 0.0047]","[0.4668, 0.003]","[0.2816, 0.0026]","[0.3973, 0.0032]","[0.4963, 0.0035]","[0.1528, 0.0018]"
E-CDE-VAE,200,0.0001,0.01,0.001,0.001,1.0,,0.0001,300,0.3,Adam,"[0.8816, 0.0043]","[0.8607, 0.0044]","[0.8423, 0.0046]","[0.9096, 0.0045]","[0.5917, 0.0025]","[0.8375, 0.0048]","[0.8052, 0.0051]","[0.7707, 0.0054]","[0.8834, 0.0047]","[0.4669, 0.003]","[0.2816, 0.0026]","[0.3973, 0.0032]","[0.4963, 0.0035]","[0.1528, 0.0018]"
E-CDE-VAE,200,0.0001,0.01,0.001,0.001,1.0,,0.0005,300,0.3,Adam,"[0.8817, 0.0044]","[0.8607, 0.0044]","[0.8423, 0.0046]","[0.9096, 0.0045]","[0.5917, 0.0025]","[0.8375, 0.0048]","[0.8052, 0.0051]","[0.7707, 0.0054]","[0.8834, 0.0047]","[0.4669, 0.003]","[0.2816, 0.0026]","[0.3973, 0.0032]","[0.4963, 0.0035]","[0.1528, 0.0018]"
E-CDE-VAE,200,0.0001,0.01,0.001,0.001,1.0,,0.001,300,0.3,Adam,"[0.8806, 0.0044]","[0.86, 0.0045]","[0.8418, 0.0046]","[0.9073, 0.0045]","[0.5914, 0.0025]","[0.8375, 0.0048]","[0.8052, 0.0051]","[0.7707, 0.0054]","[0.8834, 0.0047]","[0.4668, 0.003]","[0.2816, 0.0026]","[0.3973, 0.0032]","[0.4963, 0.0035]","[0.1528, 0.0018]"
E-CDE-VAE,200,0.0001,0.01,0.001,0.01,1.0,,0.0001,300,0.3,Adam,"[0.8818, 0.0044]","[0.8606, 0.0044]","[0.8422, 0.0046]","[0.9096, 0.0045]","[0.5917, 0.0025]","[0.8375, 0.0048]","[0.8052, 0.0051]","[0.7707, 0.0054]","[0.8834, 0.0047]","[0.4668, 0.003]","[0.2816, 0.0026]","[0.3973, 0.0032]","[0.4963, 0.0035]","[0.1528, 0.0018]"
E-CDE-VAE,200,0.0001,0.01,0.001,0.01,1.0,,0.0005,300,0.3,Adam,"[0.8817, 0.0044]","[0.8607, 0.0044]","[0.8423, 0.0046]","[0.9096, 0.0045]","[0.5917, 0.0025]","[0.8375, 0.0048]","[0.8052, 0.0051]","[0.7707, 0.0054]","[0.8834, 0.0047]","[0.467, 0.003]","[0.2816, 0.0026]","[0.3973, 0.0032]","[0.4963, 0.0035]","[0.1528, 0.0018]"
E-CDE-VAE,200,0.0001,0.01,0.001,0.01,1.0,,0.001,300,0.3,Adam,"[0.8804, 0.0044]","[0.8599, 0.0045]","[0.8417, 0.0046]","[0.9073, 0.0045]","[0.5914, 0.0025]","[0.8375, 0.0048]","[0.8052, 0.0051]","[0.7707, 0.0054]","[0.8834, 0.0047]","[0.4668, 0.003]","[0.2816, 0.0026]","[0.3973, 0.0032]","[0.4963, 0.0035]","[0.1528, 0.0018]"
E-CDE-VAE,200,0.0001,0.01,0.001,0.1,1.0,,0.0001,300,0.3,Adam,"[0.8595, 0.0046]","[0.8389, 0.0046]","[0.8238, 0.0047]","[0.8967, 0.0047]","[0.5838, 0.0026]","[0.8065, 0.0052]","[0.7955, 0.0051]","[0.7615, 0.0053]","[0.8612, 0.0049]","[0.4597, 0.0031]","[0.2679, 0.0024]","[0.3936, 0.0032]","[0.4934, 0.0036]","[0.149, 0.0017]"
E-CDE-VAE,200,0.0001,0.01,0.001,0.1,1.0,,0.0005,300,0.3,Adam,"[0.8757, 0.0044]","[0.8546, 0.0044]","[0.8364, 0.0045]","[0.9033, 0.0046]","[0.589, 0.0026]","[0.8317, 0.0048]","[0.7994, 0.0051]","[0.7654, 0.0053]","[0.8774, 0.0048]","[0.465, 0.003]","[0.2806, 0.0027]","[0.3958, 0.0033]","[0.4945, 0.0035]","[0.1523, 0.0018]"
E-CDE-VAE,200,0.0001,0.01,0.001,0.1,1.0,,0.001,300,0.3,Adam,"[0.8778, 0.0044]","[0.8566, 0.0044]","[0.8382, 0.0045]","[0.9058, 0.0045]","[0.5898, 0.0026]","[0.8333, 0.0048]","[0.8008, 0.0051]","[0.7668, 0.0053]","[0.8794, 0.0048]","[0.4655, 0.003]","[0.2809, 0.0026]","[0.3962, 0.0033]","[0.495, 0.0035]","[0.1525, 0.0018]"
E-CDE-VAE,200,0.0001,0.01,0.001,1.0,1.0,,0.0001,300,0.3,Adam,"[0.7793, 0.006]","[0.7711, 0.0057]","[0.756, 0.0056]","[0.7827, 0.0068]","[0.5171, 0.0023]","[0.7793, 0.0054]","[0.7333, 0.0056]","[0.6976, 0.0058]","[0.7712, 0.0063]","[0.4124, 0.0025]","[0.2563, 0.0023]","[0.3504, 0.0026]","[0.4349, 0.0027]","[0.1251, 0.0014]"
E-CDE-VAE,200,0.0001,0.01,0.001,1.0,1.0,,0.0005,300,0.3,Adam,"[0.8583, 0.0047]","[0.8399, 0.0046]","[0.8237, 0.0046]","[0.8799, 0.0052]","[0.5806, 0.0026]","[0.8196, 0.0049]","[0.793, 0.005]","[0.7599, 0.0052]","[0.8642, 0.0048]","[0.4622, 0.0031]","[0.2761, 0.0026]","[0.393, 0.0033]","[0.4921, 0.0035]","[0.1502, 0.0018]"
E-CDE-VAE,200,0.0001,0.01,0.001,1.0,1.0,,0.001,300,0.3,Adam,"[0.7869, 0.006]","[0.7912, 0.0055]","[0.7866, 0.0053]","[0.7722, 0.0071]","[0.5563, 0.0025]","[0.8075, 0.0051]","[0.7916, 0.005]","[0.7566, 0.0052]","[0.7892, 0.0061]","[0.4574, 0.0031]","[0.2695, 0.0025]","[0.3928, 0.0033]","[0.4902, 0.0035]","[0.1294, 0.0014]"
E-CDE-VAE,200,0.0001,0.01,0.01,0.0001,1.0,,0.0001,300,0.3,Adam,"[0.8779, 0.0044]","[0.8575, 0.0045]","[0.8397, 0.0046]","[0.9042, 0.0046]","[0.5905, 0.0026]","[0.8357, 0.0048]","[0.8043, 0.0051]","[0.7698, 0.0054]","[0.8822, 0.0047]","[0.4662, 0.003]","[0.2812, 0.0026]","[0.397, 0.0032]","[0.4961, 0.0035]","[0.1527, 0.0018]"
E-CDE-VAE,200,0.0001,0.01,0.01,0.0001,1.0,,0.0005,300,0.3,Adam,"[0.8807, 0.0044]","[0.8597, 0.0044]","[0.8414, 0.0046]","[0.908, 0.0045]","[0.5913, 0.0025]","[0.8366, 0.0048]","[0.8042, 0.0051]","[0.77, 0.0054]","[0.8827, 0.0047]","[0.4667, 0.003]","[0.2814, 0.0026]","[0.397, 0.0032]","[0.4961, 0.0035]","[0.1528, 0.0018]"
E-CDE-VAE,200,0.0001,0.01,0.01,0.0001,1.0,,0.001,300,0.3,Adam,"[0.8801, 0.0044]","[0.8593, 0.0044]","[0.8411, 0.0046]","[0.9071, 0.0045]","[0.5911, 0.0025]","[0.8366, 0.0048]","[0.8043, 0.0051]","[0.77, 0.0054]","[0.8826, 0.0047]","[0.4666, 0.003]","[0.2814, 0.0026]","[0.3971, 0.0032]","[0.4961, 0.0035]","[0.1528, 0.0018]"
E-CDE-VAE,200,0.0001,0.01,0.01,0.001,1.0,,0.0001,300,0.3,Adam,"[0.8786, 0.0044]","[0.8578, 0.0045]","[0.8399, 0.0046]","[0.9063, 0.0045]","[0.5907, 0.0025]","[0.8339, 0.0049]","[0.8042, 0.0051]","[0.7699, 0.0054]","[0.8823, 0.0047]","[0.4663, 0.003]","[0.2807, 0.0027]","[0.397, 0.0032]","[0.4961, 0.0035]","[0.1527, 0.0018]"
E-CDE-VAE,200,0.0001,0.01,0.01,0.001,1.0,,0.0005,300,0.3,Adam,"[0.8802, 0.0044]","[0.8594, 0.0044]","[0.8411, 0.0046]","[0.9072, 0.0045]","[0.5911, 0.0025]","[0.8365, 0.0048]","[0.8042, 0.0051]","[0.7699, 0.0054]","[0.8826, 0.0047]","[0.4666, 0.003]","[0.2814, 0.0026]","[0.397, 0.0032]","[0.4961, 0.0035]","[0.1528, 0.0018]"
E-CDE-VAE,200,0.0001,0.01,0.01,0.001,1.0,,0.001,300,0.3,Adam,"[0.8807, 0.0044]","[0.8597, 0.0044]","[0.8414, 0.0046]","[0.9081, 0.0045]","[0.5913, 0.0025]","[0.8366, 0.0048]","[0.8043, 0.0051]","[0.7699, 0.0054]","[0.8826, 0.0047]","[0.4667, 0.003]","[0.2814, 0.0026]","[0.3971, 0.0032]","[0.4961, 0.0035]","[0.1528, 0.0018]"
E-CDE-VAE,200,0.0001,0.01,0.01,0.01,1.0,,0.0001,300,0.3,Adam,"[0.8784, 0.0044]","[0.8578, 0.0045]","[0.8398, 0.0046]","[0.9058, 0.0045]","[0.5906, 0.0026]","[0.8352, 0.0048]","[0.8041, 0.0051]","[0.7697, 0.0054]","[0.8821, 0.0047]","[0.466, 0.003]","[0.2812, 0.0026]","[0.397, 0.0032]","[0.496, 0.0035]","[0.1527, 0.0018]"
E-CDE-VAE,200,0.0001,0.01,0.01,0.01,1.0,,0.0005,300,0.3,Adam,"[0.8807, 0.0044]","[0.8597, 0.0044]","[0.8413, 0.0046]","[0.9088, 0.0045]","[0.5913, 0.0025]","[0.8363, 0.0048]","[0.8041, 0.0051]","[0.7698, 0.0054]","[0.8824, 0.0047]","[0.4666, 0.003]","[0.2814, 0.0026]","[0.397, 0.0032]","[0.496, 0.0035]","[0.1528, 0.0018]"
E-CDE-VAE,200,0.0001,0.01,0.01,0.01,1.0,,0.001,300,0.3,Adam,"[0.8802, 0.0044]","[0.8593, 0.0044]","[0.841, 0.0046]","[0.9072, 0.0045]","[0.5911, 0.0025]","[0.8364, 0.0048]","[0.8042, 0.0051]","[0.7699, 0.0054]","[0.8825, 0.0047]","[0.4665, 0.003]","[0.2814, 0.0026]","[0.397, 0.0032]","[0.4961, 0.0035]","[0.1528, 0.0018]"
E-CDE-VAE,200,0.0001,0.01,0.01,0.1,1.0,,0.0001,300,0.3,Adam,"[0.8767, 0.0044]","[0.856, 0.0044]","[0.8378, 0.0046]","[0.9034, 0.0046]","[0.5895, 0.0026]","[0.8336, 0.0048]","[0.8013, 0.0051]","[0.7671, 0.0053]","[0.8799, 0.0047]","[0.4655, 0.003]","[0.2811, 0.0027]","[0.3963, 0.0033]","[0.4951, 0.0035]","[0.1525, 0.0018]"
E-CDE-VAE,200,0.0001,0.01,0.01,0.1,1.0,,0.0005,300,0.3,Adam,"[0.8788, 0.0044]","[0.8579, 0.0044]","[0.8396, 0.0046]","[0.9056, 0.0045]","[0.5903, 0.0026]","[0.835, 0.0048]","[0.8025, 0.0051]","[0.7683, 0.0054]","[0.881, 0.0047]","[0.466, 0.003]","[0.2812, 0.0026]","[0.3966, 0.0032]","[0.4955, 0.0035]","[0.1526, 0.0018]"
E-CDE-VAE,200,0.0001,0.01,0.01,0.1,1.0,,0.001,300,0.3,Adam,"[0.8797, 0.0044]","[0.8587, 0.0044]","[0.8403, 0.0046]","[0.9068, 0.0045]","[0.5907, 0.0026]","[0.8356, 0.0048]","[0.8032, 0.0051]","[0.7688, 0.0054]","[0.8819, 0.0047]","[0.4662, 0.003]","[0.2813, 0.0026]","[0.3968, 0.0032]","[0.4957, 0.0035]","[0.1527, 0.0018]"
E-CDE-VAE,200,0.0001,0.01,0.01,1.0,1.0,,0.0001,300,0.3,Adam,"[0.8076, 0.0054]","[0.8005, 0.0051]","[0.7908, 0.005]","[0.8141, 0.0063]","[0.5604, 0.0026]","[0.7971, 0.005]","[0.7785, 0.0049]","[0.7457, 0.0051]","[0.8086, 0.0057]","[0.4522, 0.0031]","[0.2674, 0.0026]","[0.3869, 0.0033]","[0.4848, 0.0036]","[0.136, 0.0016]"
E-CDE-VAE,200,0.0001,0.01,0.01,1.0,1.0,,0.0005,300,0.3,Adam,"[0.8617, 0.0045]","[0.8425, 0.0045]","[0.8253, 0.0045]","[0.8857, 0.0049]","[0.583, 0.0027]","[0.8231, 0.0048]","[0.7921, 0.005]","[0.758, 0.0052]","[0.864, 0.0049]","[0.4615, 0.0031]","[0.279, 0.0027]","[0.3934, 0.0033]","[0.4915, 0.0036]","[0.1503, 0.0018]"
E-CDE-VAE,200,0.0001,0.01,0.01,1.0,1.0,,0.001,300,0.3,Adam,"[0.8649, 0.0045]","[0.8452, 0.0044]","[0.8281, 0.0045]","[0.8905, 0.0048]","[0.5858, 0.0027]","[0.8238, 0.0048]","[0.7936, 0.005]","[0.7617, 0.0052]","[0.8669, 0.0048]","[0.4637, 0.0031]","[0.2789, 0.0027]","[0.394, 0.0033]","[0.4934, 0.0036]","[0.1511, 0.0018]"
E-CDE-VAE,200,0.0001,0.01,0.1,0.0001,1.0,,0.0001,300,0.3,Adam,"[0.8793, 0.0044]","[0.8581, 0.0044]","[0.8399, 0.0046]","[0.9082, 0.0045]","[0.5907, 0.0026]","[0.8354, 0.0048]","[0.8033, 0.0051]","[0.7691, 0.0054]","[0.8817, 0.0047]","[0.4661, 0.003]","[0.2812, 0.0026]","[0.3968, 0.0032]","[0.4958, 0.0035]","[0.1527, 0.0018]"
E-CDE-VAE,200,0.0001,0.01,0.1,0.0001,1.0,,0.0005,300,0.3,Adam,"[0.877, 0.0044]","[0.8561, 0.0044]","[0.8382, 0.0045]","[0.904, 0.0046]","[0.5903, 0.0026]","[0.8331, 0.0048]","[0.802, 0.0051]","[0.7689, 0.0054]","[0.8786, 0.0047]","[0.4662, 0.003]","[0.2809, 0.0027]","[0.3964, 0.0032]","[0.4958, 0.0035]","[0.1524, 0.0018]"
E-CDE-VAE,200,0.0001,0.01,0.1,0.0001,1.0,,0.001,300,0.3,Adam,"[0.8755, 0.0044]","[0.8547, 0.0044]","[0.837, 0.0045]","[0.9035, 0.0046]","[0.59, 0.0026]","[0.8327, 0.0048]","[0.8011, 0.0051]","[0.7684, 0.0053]","[0.8766, 0.0048]","[0.4658, 0.003]","[0.2806, 0.0026]","[0.3961, 0.0033]","[0.4956, 0.0035]","[0.1521, 0.0018]"
E-CDE-VAE,200,0.0001,0.01,0.1,0.001,1.0,,0.0001,300,0.3,Adam,"[0.8788, 0.0044]","[0.8576, 0.0044]","[0.8395, 0.0046]","[0.9079, 0.0045]","[0.5905, 0.0026]","[0.8347, 0.0048]","[0.8029, 0.0051]","[0.7687, 0.0054]","[0.8815, 0.0047]","[0.466, 0.003]","[0.2811, 0.0027]","[0.3967, 0.0032]","[0.4957, 0.0035]","[0.1527, 0.0018]"
E-CDE-VAE,200,0.0001,0.01,0.1,0.001,1.0,,0.0005,300,0.3,Adam,"[0.8773, 0.0044]","[0.8566, 0.0044]","[0.8385, 0.0045]","[0.9029, 0.0046]","[0.5903, 0.0026]","[0.8341, 0.0048]","[0.8018, 0.0051]","[0.7685, 0.0053]","[0.8787, 0.0047]","[0.4662, 0.003]","[0.2811, 0.0026]","[0.3964, 0.0032]","[0.4957, 0.0035]","[0.1524, 0.0018]"
E-CDE-VAE,200,0.0001,0.01,0.1,0.001,1.0,,0.001,300,0.3,Adam,"[0.8762, 0.0044]","[0.8555, 0.0044]","[0.8377, 0.0045]","[0.9032, 0.0046]","[0.5901, 0.0026]","[0.8333, 0.0048]","[0.8014, 0.0051]","[0.7688, 0.0054]","[0.8774, 0.0047]","[0.4661, 0.003]","[0.2808, 0.0026]","[0.3962, 0.0032]","[0.4957, 0.0035]","[0.1522, 0.0018]"
E-CDE-VAE,200,0.0001,0.01,0.1,0.01,1.0,,0.0001,300,0.3,Adam,"[0.8793, 0.0044]","[0.8578, 0.0044]","[0.8396, 0.0046]","[0.9083, 0.0045]","[0.5906, 0.0026]","[0.835, 0.0048]","[0.803, 0.0051]","[0.7689, 0.0054]","[0.8817, 0.0047]","[0.4661, 0.003]","[0.2812, 0.0026]","[0.3967, 0.0032]","[0.4957, 0.0035]","[0.1527, 0.0018]"
E-CDE-VAE,200,0.0001,0.01,0.1,0.01,1.0,,0.0005,300,0.3,Adam,"[0.8775, 0.0044]","[0.8565, 0.0044]","[0.8385, 0.0045]","[0.9051, 0.0045]","[0.5904, 0.0026]","[0.8343, 0.0048]","[0.8022, 0.0051]","[0.7689, 0.0054]","[0.879, 0.0047]","[0.4661, 0.003]","[0.2811, 0.0026]","[0.3965, 0.0032]","[0.4958, 0.0035]","[0.1524, 0.0018]"
E-CDE-VAE,200,0.0001,0.01,0.1,0.01,1.0,,0.001,300,0.3,Adam,"[0.8764, 0.0044]","[0.8557, 0.0044]","[0.8377, 0.0045]","[0.9034, 0.0046]","[0.59, 0.0026]","[0.8334, 0.0048]","[0.8013, 0.0051]","[0.7683, 0.0053]","[0.8775, 0.0047]","[0.4659, 0.003]","[0.2809, 0.0026]","[0.3962, 0.0033]","[0.4956, 0.0035]","[0.1522, 0.0018]"
E-CDE-VAE,200,0.0001,0.01,0.1,0.1,1.0,,0.0001,300,0.3,Adam,"[0.8782, 0.0044]","[0.8567, 0.0044]","[0.8385, 0.0046]","[0.9076, 0.0045]","[0.5901, 0.0026]","[0.8341, 0.0048]","[0.8021, 0.0051]","[0.7679, 0.0053]","[0.8807, 0.0047]","[0.4656, 0.003]","[0.281, 0.0026]","[0.3965, 0.0032]","[0.4954, 0.0035]","[0.1526, 0.0018]"
E-CDE-VAE,200,0.0001,0.01,0.1,0.1,1.0,,0.0005,300,0.3,Adam,"[0.8756, 0.0044]","[0.8548, 0.0044]","[0.837, 0.0045]","[0.9029, 0.0046]","[0.5899, 0.0026]","[0.8323, 0.0048]","[0.8012, 0.0051]","[0.7683, 0.0053]","[0.8772, 0.0047]","[0.4659, 0.003]","[0.2807, 0.0027]","[0.3962, 0.0033]","[0.4956, 0.0035]","[0.1522, 0.0018]"
E-CDE-VAE,200,0.0001,0.01,0.1,0.1,1.0,,0.001,300,0.3,Adam,"[0.8755, 0.0044]","[0.8548, 0.0044]","[0.8369, 0.0045]","[0.9025, 0.0046]","[0.5897, 0.0026]","[0.8331, 0.0048]","[0.8007, 0.0051]","[0.7677, 0.0053]","[0.8762, 0.0047]","[0.4658, 0.003]","[0.281, 0.0027]","[0.3961, 0.0033]","[0.4954, 0.0035]","[0.1521, 0.0018]"
E-CDE-VAE,200,0.0001,0.01,0.1,1.0,1.0,,0.0001,300,0.3,Adam,"[0.8549, 0.0048]","[0.8387, 0.0047]","[0.8234, 0.0047]","[0.8725, 0.0054]","[0.5803, 0.0026]","[0.8238, 0.0048]","[0.7951, 0.005]","[0.7626, 0.0053]","[0.8596, 0.005]","[0.4628, 0.003]","[0.2781, 0.0027]","[0.3944, 0.0033]","[0.4934, 0.0035]","[0.1478, 0.0017]"
E-CDE-VAE,200,0.0001,0.01,0.1,1.0,1.0,,0.0005,300,0.3,Adam,"[0.8613, 0.0045]","[0.8418, 0.0044]","[0.8248, 0.0045]","[0.886, 0.0049]","[0.5843, 0.0027]","[0.8205, 0.0047]","[0.7904, 0.005]","[0.7594, 0.0052]","[0.8634, 0.0048]","[0.4628, 0.0031]","[0.2784, 0.0027]","[0.3932, 0.0033]","[0.4923, 0.0036]","[0.1509, 0.0018]"
E-CDE-VAE,200,0.0001,0.01,0.1,1.0,1.0,,0.001,300,0.3,Adam,"[0.8577, 0.0045]","[0.8384, 0.0044]","[0.8218, 0.0045]","[0.883, 0.0049]","[0.583, 0.0027]","[0.8169, 0.0047]","[0.7877, 0.0049]","[0.7582, 0.0052]","[0.8587, 0.0049]","[0.4621, 0.0031]","[0.2774, 0.0027]","[0.392, 0.0033]","[0.4917, 0.0036]","[0.1502, 0.0018]"
E-CDE-VAE,200,0.0001,0.01,1.0,0.0001,1.0,,0.0001,300,0.3,Adam,"[0.8784, 0.0043]","[0.8574, 0.0044]","[0.8394, 0.0045]","[0.9054, 0.0045]","[0.5911, 0.0026]","[0.8353, 0.0048]","[0.8027, 0.0051]","[0.7697, 0.0054]","[0.8787, 0.0047]","[0.4667, 0.003]","[0.2813, 0.0026]","[0.3967, 0.0032]","[0.4963, 0.0035]","[0.1524, 0.0018]"
E-CDE-VAE,200,0.0001,0.01,1.0,0.0001,1.0,,0.0005,300,0.3,Adam,"[0.8478, 0.0045]","[0.832, 0.0044]","[0.8172, 0.0044]","[0.8653, 0.0052]","[0.5828, 0.0028]","[0.8174, 0.0047]","[0.7881, 0.0049]","[0.7606, 0.0051]","[0.8492, 0.0049]","[0.4635, 0.0031]","[0.2783, 0.0028]","[0.3924, 0.0033]","[0.4946, 0.0036]","[0.1492, 0.0018]"
E-CDE-VAE,200,0.0001,0.01,1.0,0.0001,1.0,,0.001,300,0.3,Adam,"[0.8039, 0.0049]","[0.7948, 0.0045]","[0.7851, 0.0044]","[0.8106, 0.0059]","[0.5677, 0.003]","[0.7901, 0.0046]","[0.7686, 0.0047]","[0.7457, 0.0049]","[0.8057, 0.0052]","[0.4571, 0.0032]","[0.272, 0.0029]","[0.3862, 0.0035]","[0.4884, 0.0038]","[0.1435, 0.0019]"
E-CDE-VAE,200,0.0001,0.01,1.0,0.001,1.0,,0.0001,300,0.3,Adam,"[0.8787, 0.0043]","[0.8578, 0.0044]","[0.8396, 0.0045]","[0.9059, 0.0045]","[0.5913, 0.0026]","[0.835, 0.0048]","[0.8024, 0.0051]","[0.7697, 0.0054]","[0.8786, 0.0047]","[0.4668, 0.003]","[0.2812, 0.0026]","[0.3966, 0.0032]","[0.4963, 0.0035]","[0.1524, 0.0018]"
E-CDE-VAE,200,0.0001,0.01,1.0,0.001,1.0,,0.0005,300,0.3,Adam,"[0.8494, 0.0045]","[0.8331, 0.0044]","[0.8179, 0.0044]","[0.869, 0.0051]","[0.5831, 0.0028]","[0.8179, 0.0047]","[0.7878, 0.0049]","[0.7602, 0.0051]","[0.8501, 0.0049]","[0.4635, 0.0031]","[0.2785, 0.0028]","[0.3924, 0.0033]","[0.494, 0.0036]","[0.1494, 0.0018]"
E-CDE-VAE,200,0.0001,0.01,1.0,0.001,1.0,,0.001,300,0.3,Adam,"[0.8026, 0.0048]","[0.7934, 0.0045]","[0.7835, 0.0044]","[0.8106, 0.0058]","[0.567, 0.003]","[0.7876, 0.0046]","[0.7665, 0.0047]","[0.7439, 0.0049]","[0.8052, 0.0051]","[0.4565, 0.0032]","[0.2715, 0.0029]","[0.3857, 0.0035]","[0.4876, 0.0038]","[0.1436, 0.0019]"
E-CDE-VAE,200,0.0001,0.01,1.0,0.01,1.0,,0.0001,300,0.3,Adam,"[0.8787, 0.0043]","[0.8577, 0.0044]","[0.8395, 0.0045]","[0.9057, 0.0045]","[0.5912, 0.0026]","[0.8355, 0.0048]","[0.8025, 0.0051]","[0.7696, 0.0054]","[0.8788, 0.0047]","[0.4667, 0.003]","[0.2813, 0.0026]","[0.3966, 0.0032]","[0.4963, 0.0035]","[0.1524, 0.0018]"
E-CDE-VAE,200,0.0001,0.01,1.0,0.01,1.0,,0.0005,300,0.3,Adam,"[0.8512, 0.0045]","[0.8344, 0.0044]","[0.8192, 0.0044]","[0.8715, 0.0051]","[0.5838, 0.0028]","[0.818, 0.0047]","[0.7887, 0.0049]","[0.7614, 0.0051]","[0.852, 0.0049]","[0.4638, 0.0031]","[0.2783, 0.0028]","[0.3925, 0.0033]","[0.4946, 0.0036]","[0.1496, 0.0018]"
E-CDE-VAE,200,0.0001,0.01,1.0,0.01,1.0,,0.001,300,0.3,Adam,"[0.8026, 0.0048]","[0.7936, 0.0045]","[0.7836, 0.0044]","[0.8092, 0.0059]","[0.5667, 0.003]","[0.7885, 0.0046]","[0.7665, 0.0047]","[0.7439, 0.0049]","[0.8053, 0.0051]","[0.4569, 0.0032]","[0.2719, 0.0029]","[0.3857, 0.0035]","[0.4876, 0.0038]","[0.1434, 0.0019]"
E-CDE-VAE,200,0.0001,0.01,1.0,0.1,1.0,,0.0001,300,0.3,Adam,"[0.876, 0.0044]","[0.8551, 0.0044]","[0.837, 0.0045]","[0.9029, 0.0046]","[0.59, 0.0026]","[0.8328, 0.0048]","[0.8, 0.0051]","[0.7674, 0.0053]","[0.8764, 0.0048]","[0.4659, 0.003]","[0.2809, 0.0027]","[0.396, 0.0033]","[0.4956, 0.0035]","[0.1522, 0.0018]"
E-CDE-VAE,200,0.0001,0.01,1.0,0.1,1.0,,0.0005,300,0.3,Adam,"[0.8518, 0.0045]","[0.8352, 0.0044]","[0.8201, 0.0044]","[0.8704, 0.0051]","[0.5846, 0.0028]","[0.8197, 0.0046]","[0.7899, 0.0049]","[0.7627, 0.0051]","[0.8516, 0.0048]","[0.4646, 0.0031]","[0.2789, 0.0028]","[0.3929, 0.0033]","[0.4954, 0.0036]","[0.1495, 0.0018]"
E-CDE-VAE,200,0.0001,0.01,1.0,0.1,1.0,,0.001,300,0.3,Adam,"[0.8042, 0.0048]","[0.7945, 0.0045]","[0.7844, 0.0044]","[0.8135, 0.0058]","[0.5669, 0.003]","[0.7885, 0.0046]","[0.7659, 0.0047]","[0.7442, 0.0049]","[0.8062, 0.0051]","[0.4561, 0.0032]","[0.2717, 0.0029]","[0.3849, 0.0035]","[0.4871, 0.0037]","[0.1435, 0.0019]"
E-CDE-VAE,200,0.0001,0.01,1.0,1.0,1.0,,0.0001,300,0.3,Adam,"[0.8682, 0.0044]","[0.848, 0.0044]","[0.8306, 0.0045]","[0.894, 0.0047]","[0.5872, 0.0027]","[0.8263, 0.0048]","[0.7954, 0.005]","[0.7636, 0.0053]","[0.8688, 0.0048]","[0.4643, 0.0031]","[0.2793, 0.0027]","[0.3946, 0.0033]","[0.4944, 0.0035]","[0.1514, 0.0018]"
E-CDE-VAE,200,0.0001,0.01,1.0,1.0,1.0,,0.0005,300,0.3,Adam,"[0.8406, 0.0046]","[0.8241, 0.0044]","[0.809, 0.0044]","[0.8588, 0.0053]","[0.5782, 0.0029]","[0.8087, 0.0046]","[0.7789, 0.0048]","[0.7515, 0.005]","[0.8413, 0.0049]","[0.4603, 0.0032]","[0.2771, 0.0028]","[0.3898, 0.0034]","[0.4905, 0.0037]","[0.1485, 0.0019]"
E-CDE-VAE,200,0.0001,0.01,1.0,1.0,1.0,,0.001,300,0.3,Adam,"[0.4093, 0.0068]","[0.4372, 0.0062]","[0.4459, 0.0059]","[0.3127, 0.0078]","[0.3016, 0.002]","[0.5198, 0.0057]","[0.4922, 0.0054]","[0.4726, 0.0053]","[0.3666, 0.0073]","[0.2584, 0.0017]","[0.1559, 0.0013]","[0.2196, 0.0015]","[0.2788, 0.0017]","[0.0464, 0.0008]"
E-CDE-VAE,200,0.001,0.0001,0.0001,0.0001,1.0,,0.0001,300,0.3,Adam,"[0.8598, 0.0046]","[0.8422, 0.0045]","[0.8262, 0.0046]","[0.88, 0.0051]","[0.5832, 0.0027]","[0.825, 0.0048]","[0.796, 0.005]","[0.7631, 0.0052]","[0.8646, 0.0048]","[0.4643, 0.0031]","[0.2791, 0.0027]","[0.3949, 0.0033]","[0.4941, 0.0035]","[0.1502, 0.0018]"
E-CDE-VAE,200,0.001,0.0001,0.0001,0.0001,1.0,,0.0005,300,0.3,Adam,"[0.4093, 0.0068]","[0.4372, 0.0062]","[0.4459, 0.0059]","[0.3127, 0.0078]","[0.3016, 0.002]","[0.5198, 0.0057]","[0.4922, 0.0054]","[0.4726, 0.0053]","[0.3666, 0.0073]","[0.2584, 0.0017]","[0.1559, 0.0013]","[0.2196, 0.0015]","[0.2788, 0.0017]","[0.0464, 0.0008]"
E-CDE-VAE,200,0.001,0.0001,0.0001,0.0001,1.0,,0.001,300,0.3,Adam,"[0.4093, 0.0068]","[0.4372, 0.0062]","[0.4459, 0.0059]","[0.3127, 0.0078]","[0.3016, 0.002]","[0.5198, 0.0057]","[0.4922, 0.0054]","[0.4726, 0.0053]","[0.3666, 0.0073]","[0.2584, 0.0017]","[0.1559, 0.0013]","[0.2196, 0.0015]","[0.2788, 0.0017]","[0.0464, 0.0008]"
E-CDE-VAE,200,0.001,0.0001,0.0001,0.001,1.0,,0.0001,300,0.3,Adam,"[0.7795, 0.0055]","[0.7688, 0.0051]","[0.7572, 0.005]","[0.7921, 0.0064]","[0.5361, 0.0026]","[0.7593, 0.0051]","[0.7386, 0.0049]","[0.7108, 0.005]","[0.7803, 0.0058]","[0.429, 0.003]","[0.2534, 0.0025]","[0.3658, 0.0032]","[0.4624, 0.0035]","[0.131, 0.0016]"
E-CDE-VAE,200,0.001,0.0001,0.0001,0.001,1.0,,0.0005,300,0.3,Adam,"[0.8194, 0.0052]","[0.8061, 0.0049]","[0.793, 0.0048]","[0.8343, 0.0059]","[0.5609, 0.0027]","[0.7932, 0.005]","[0.7711, 0.0049]","[0.7397, 0.0051]","[0.8225, 0.0054]","[0.4474, 0.0031]","[0.2654, 0.0025]","[0.3825, 0.0033]","[0.4807, 0.0036]","[0.1399, 0.0016]"
E-CDE-VAE,200,0.001,0.0001,0.0001,0.001,1.0,,0.001,300,0.3,Adam,"[0.4093, 0.0068]","[0.4372, 0.0062]","[0.4459, 0.0059]","[0.3127, 0.0078]","[0.3016, 0.002]","[0.5198, 0.0057]","[0.4922, 0.0054]","[0.4726, 0.0053]","[0.3666, 0.0073]","[0.2584, 0.0017]","[0.1559, 0.0013]","[0.2196, 0.0015]","[0.2788, 0.0017]","[0.0464, 0.0008]"
E-CDE-VAE,200,0.001,0.0001,0.0001,0.01,1.0,,0.0001,300,0.3,Adam,"[0.6735, 0.0061]","[0.6615, 0.0057]","[0.6504, 0.0054]","[0.6891, 0.0071]","[0.4507, 0.0023]","[0.6498, 0.0056]","[0.6286, 0.0053]","[0.6099, 0.0053]","[0.6719, 0.0064]","[0.356, 0.0024]","[0.2091, 0.0021]","[0.2998, 0.0025]","[0.3836, 0.0028]","[0.109, 0.0014]"
E-CDE-VAE,200,0.001,0.0001,0.0001,0.01,1.0,,0.0005,300,0.3,Adam,"[0.4093, 0.0068]","[0.4372, 0.0062]","[0.4459, 0.0059]","[0.3127, 0.0078]","[0.3016, 0.002]","[0.5198, 0.0057]","[0.4922, 0.0054]","[0.4726, 0.0053]","[0.3666, 0.0073]","[0.2584, 0.0017]","[0.1559, 0.0013]","[0.2196, 0.0015]","[0.2788, 0.0017]","[0.0464, 0.0008]"
E-CDE-VAE,200,0.001,0.0001,0.0001,0.01,1.0,,0.001,300,0.3,Adam,"[0.4093, 0.0068]","[0.4372, 0.0062]","[0.4459, 0.0059]","[0.3127, 0.0078]","[0.3016, 0.002]","[0.5198, 0.0057]","[0.4922, 0.0054]","[0.4726, 0.0053]","[0.3666, 0.0073]","[0.2584, 0.0017]","[0.1559, 0.0013]","[0.2196, 0.0015]","[0.2788, 0.0017]","[0.0464, 0.0008]"
E-CDE-VAE,200,0.001,0.0001,0.0001,0.1,1.0,,0.0001,300,0.3,Adam,"[0.5304, 0.0071]","[0.5278, 0.0066]","[0.5256, 0.0064]","[0.5349, 0.0082]","[0.3545, 0.0023]","[0.5248, 0.0064]","[0.521, 0.0061]","[0.518, 0.0059]","[0.5266, 0.0073]","[0.2818, 0.0019]","[0.1536, 0.0014]","[0.2287, 0.0017]","[0.3031, 0.0019]","[0.0773, 0.0011]"
E-CDE-VAE,200,0.001,0.0001,0.0001,0.1,1.0,,0.0005,300,0.3,Adam,"[0.4093, 0.0068]","[0.4372, 0.0062]","[0.4459, 0.0059]","[0.3127, 0.0078]","[0.3016, 0.002]","[0.5198, 0.0057]","[0.4922, 0.0054]","[0.4726, 0.0053]","[0.3666, 0.0073]","[0.2584, 0.0017]","[0.1559, 0.0013]","[0.2196, 0.0015]","[0.2788, 0.0017]","[0.0464, 0.0008]"
E-CDE-VAE,200,0.001,0.0001,0.0001,0.1,1.0,,0.001,300,0.3,Adam,"[0.4093, 0.0068]","[0.4372, 0.0062]","[0.4459, 0.0059]","[0.3127, 0.0078]","[0.3016, 0.002]","[0.5198, 0.0057]","[0.4922, 0.0054]","[0.4726, 0.0053]","[0.3666, 0.0073]","[0.2584, 0.0017]","[0.1559, 0.0013]","[0.2196, 0.0015]","[0.2788, 0.0017]","[0.0464, 0.0008]"
E-CDE-VAE,200,0.001,0.0001,0.0001,1.0,1.0,,0.0001,300,0.3,Adam,"[0.5149, 0.0076]","[0.5109, 0.0071]","[0.508, 0.0069]","[0.521, 0.0085]","[0.3335, 0.0026]","[0.5058, 0.007]","[0.5012, 0.0067]","[0.4978, 0.0064]","[0.5126, 0.0078]","[0.2627, 0.0019]","[0.1419, 0.0013]","[0.211, 0.0015]","[0.2798, 0.0017]","[0.0722, 0.001]"
E-CDE-VAE,200,0.001,0.0001,0.0001,1.0,1.0,,0.0005,300,0.3,Adam,"[0.4093, 0.0068]","[0.4372, 0.0062]","[0.4459, 0.0059]","[0.3127, 0.0078]","[0.3016, 0.002]","[0.5198, 0.0057]","[0.4922, 0.0054]","[0.4726, 0.0053]","[0.3666, 0.0073]","[0.2584, 0.0017]","[0.1559, 0.0013]","[0.2196, 0.0015]","[0.2788, 0.0017]","[0.0464, 0.0008]"
E-CDE-VAE,200,0.001,0.0001,0.0001,1.0,1.0,,0.001,300,0.3,Adam,"[0.4093, 0.0068]","[0.4372, 0.0062]","[0.4459, 0.0059]","[0.3127, 0.0078]","[0.3016, 0.002]","[0.5198, 0.0057]","[0.4922, 0.0054]","[0.4726, 0.0053]","[0.3666, 0.0073]","[0.2584, 0.0017]","[0.1559, 0.0013]","[0.2196, 0.0015]","[0.2788, 0.0017]","[0.0464, 0.0008]"
E-CDE-VAE,200,0.001,0.0001,0.001,0.0001,1.0,,0.0001,300,0.3,Adam,"[0.8765, 0.0043]","[0.8555, 0.0044]","[0.8372, 0.0045]","[0.9029, 0.0046]","[0.5897, 0.0026]","[0.8328, 0.0048]","[0.8, 0.0051]","[0.7669, 0.0053]","[0.8771, 0.0048]","[0.4658, 0.003]","[0.2812, 0.0027]","[0.396, 0.0033]","[0.4952, 0.0035]","[0.1522, 0.0018]"
E-CDE-VAE,200,0.001,0.0001,0.001,0.0001,1.0,,0.0005,300,0.3,Adam,"[0.4093, 0.0068]","[0.4372, 0.0062]","[0.4459, 0.0059]","[0.3127, 0.0078]","[0.3016, 0.002]","[0.5198, 0.0057]","[0.4922, 0.0054]","[0.4726, 0.0053]","[0.3666, 0.0073]","[0.2584, 0.0017]","[0.1559, 0.0013]","[0.2196, 0.0015]","[0.2788, 0.0017]","[0.0464, 0.0008]"
E-CDE-VAE,200,0.001,0.0001,0.001,0.0001,1.0,,0.001,300,0.3,Adam,"[0.4093, 0.0068]","[0.4372, 0.0062]","[0.4459, 0.0059]","[0.3127, 0.0078]","[0.3016, 0.002]","[0.5198, 0.0057]","[0.4922, 0.0054]","[0.4726, 0.0053]","[0.3666, 0.0073]","[0.2584, 0.0017]","[0.1559, 0.0013]","[0.2196, 0.0015]","[0.2788, 0.0017]","[0.0464, 0.0008]"
